round,i,x,y,D_before,h,alpha,F,D_after,prediction
1,1,1,-1,0.125,-1,0.5493061443340549,-0.5493061443340549,0.08333333333333333,-1
1,2,2,-1,0.125,-1,0.5493061443340549,-0.5493061443340549,0.08333333333333333,-1
1,3,3,1,0.125,1,0.5493061443340549,0.5493061443340549,0.08333333333333333,1
1,4,4,1,0.125,1,0.5493061443340549,0.5493061443340549,0.08333333333333333,1
1,5,5,-1,0.125,1,0.5493061443340549,0.5493061443340549,0.25,1
1,6,6,-1,0.125,1,0.5493061443340549,0.5493061443340549,0.25,1
1,7,7,1,0.125,1,0.5493061443340549,0.5493061443340549,0.08333333333333333,1
1,8,8,1,0.125,1,0.5493061443340549,0.5493061443340549,0.08333333333333333,1
2,1,1,-1,0.08333333333333333,-1,0.8047189562170501,-1.354025100551105,0.05,-1
2,2,2,-1,0.08333333333333333,-1,0.8047189562170501,-1.354025100551105,0.05,-1
2,3,3,1,0.08333333333333333,-1,0.8047189562170501,-0.25541281188299525,0.25,-1
2,4,4,1,0.08333333333333333,-1,0.8047189562170501,-0.25541281188299525,0.25,-1
2,5,5,-1,0.25,-1,0.8047189562170501,-0.25541281188299525,0.15,-1
2,6,6,-1,0.25,-1,0.8047189562170501,-0.25541281188299525,0.15,-1
2,7,7,1,0.08333333333333333,1,0.8047189562170501,1.354025100551105,0.05,1
2,8,8,1,0.08333333333333333,1,0.8047189562170501,1.354025100551105,0.05,1
3,1,1,-1,0.05,1,0.6931471805599453,-0.6608779199911597,0.125,-1
3,2,2,-1,0.05,1,0.6931471805599453,-0.6608779199911597,0.125,-1
3,3,3,1,0.25,1,0.6931471805599453,0.43773436867695004,0.15625,1
3,4,4,1,0.25,1,0.6931471805599453,0.43773436867695004,0.15625,1
3,5,5,-1,0.15,-1,0.6931471805599453,-0.9485599924429405,0.09375,-1
3,6,6,-1,0.15,-1,0.6931471805599453,-0.9485599924429405,0.09375,-1
3,7,7,1,0.05,-1,0.6931471805599453,0.6608779199911597,0.125,1
3,8,8,1,0.05,-1,0.6931471805599453,0.6608779199911597,0.125,1
