trees,training_mse,validation_mse
0,0.5203710265614189,0.8139436363556748
1,0.43410349161620776,0.703115583669348
2,0.36692287260970247,0.616596887396294
3,0.3146550378354636,0.5480289707650712
4,0.2738612417099405,0.49419163243361264
5,0.24263016635124154,0.4521516985381711
6,0.21894607556334614,0.41923686199107624
7,0.19798814602101344,0.3885573698962441
8,0.18157704105249065,0.365931101654112
9,0.16844587549068163,0.3463702304808562
10,0.15835642122168198,0.33301910582749544
11,0.1497789406260416,0.3200509240136622
12,0.14280586945611073,0.30923708854120485
13,0.13551381147673033,0.30125756354842215
14,0.13031768463393895,0.29094968777581315
15,0.12611711307591675,0.2826139851819206
16,0.12259633504223519,0.278131581206626
17,0.11974690737430888,0.27488624360334873
18,0.11533530886295833,0.26936342919839995
19,0.11191896697576847,0.26500076771546843
20,0.10920068587353199,0.2592448853366732
21,0.10643710140081943,0.25582824204922455
22,0.10396366872397186,0.25282073228226526
23,0.10179691852038625,0.24953250846774658
24,0.09980766265002962,0.2500531479527254
25,0.09775816917788305,0.2463745649543915
26,0.09411152405607105,0.24283603017307862
27,0.09261717832057238,0.24086608130215084
28,0.08979808215499226,0.23850924865960405
29,0.08823288358229084,0.2365155505131209
30,0.08679667101027826,0.23707811759861092
31,0.08461687426277813,0.23558384716870248
32,0.08327807690974719,0.23182141282546162
33,0.08214862610587673,0.23243374293554422
34,0.08102414890841797,0.2310943289984389
35,0.08015023531291962,0.23171178319402363
36,0.07921313587317788,0.23070123131056716
37,0.07758952447452165,0.22987585717326386
38,0.07662220537136431,0.22742387446794055
39,0.0759454696837947,0.22802649321723767
40,0.07521794411456725,0.22694925453204803
41,0.07396019338343841,0.2265477903610685
42,0.07276545290636063,0.22267844073156576
43,0.07179092387185498,0.22257910929154173
44,0.07079804986949273,0.21894453582296727
45,0.07028529169413741,0.2195184293419646
46,0.06971142236485078,0.21917954233815065
47,0.06931531168191443,0.21972199491151514
48,0.06880069520364879,0.21866442232907246
49,0.06804235126057374,0.21902786184574125
50,0.06771170044107325,0.21955271327672551
51,0.06694661539152719,0.21618609324206625
52,0.06589155004693917,0.21628317780211076
53,0.06555166249757258,0.2168046216546358
54,0.06502652730720908,0.2157753254261133
55,0.06474713807520942,0.21627237572568414
56,0.06380408457451779,0.21646224852761162
57,0.06335479855491978,0.2161051724494749
58,0.06306881933843969,0.21659764894675837
59,0.06248244192342311,0.2172489208163681
60,0.06189371358371654,0.21512945772844447
61,0.06151113344002595,0.21567928499124864
62,0.06128947134725781,0.21613022384882405
63,0.060450127883440334,0.2163969297874789
64,0.06005865011298119,0.2161076442494772
65,0.05982890385174966,0.21655808561725037
66,0.05943676144640147,0.2161527353347343
67,0.05900690477773217,0.21500000135708008
68,0.0584925643913601,0.2150553018143311
69,0.05813994401604863,0.2156131512191425
70,0.05769285992362302,0.21622334610337962
71,0.057229401438878814,0.21430631283824259
72,0.05651501535727001,0.21468915268388072
73,0.05629720373979778,0.21512680223604833
74,0.055956418621539286,0.2145803165391418
75,0.05576214278033154,0.21527045788804713
76,0.055457338756284454,0.21485870647289637
77,0.05527322022205095,0.21553012140594102
78,0.05496387823807826,0.21609691324373279
79,0.054582082822603385,0.2144717466603787
80,0.05422498548570095,0.21518823231664022
81,0.05381139449998837,0.21517932376842067
82,0.053191129965989375,0.2156386220608982
83,0.052909837043569954,0.21533991663692487
84,0.0527258773122454,0.2157431551836321
85,0.0524424474029769,0.21623173709365187
86,0.05225527526985951,0.2160844054483363
87,0.05193018989004754,0.21483684808970452
88,0.05178628053040034,0.21544412834102603
89,0.0515171347676537,0.2150807194838578
90,0.05090717422928259,0.21646968663625762
91,0.050627109729906354,0.21710713538794782
92,0.05009068759795378,0.21765321033642984
93,0.04993186122449406,0.21802979702139813
94,0.04966717287572272,0.21859649383659233
95,0.0493876017507552,0.2173872381758479
96,0.049156641255218465,0.21723887757085575
97,0.04859289860738224,0.2179877435008232
98,0.04842509493368204,0.21790677462704722
99,0.04819592107971491,0.2185850750981059
100,0.04780902278772072,0.21863074946934008
101,0.0476682198955721,0.21922682128482834
102,0.04741387508311986,0.21978355889190873
103,0.04699966012561347,0.220987419280301
104,0.0466995170641481,0.22088057447581952
105,0.0462349019516287,0.22140773000838124
106,0.04601493836498457,0.22118802970699375
107,0.04587310747174844,0.2217843334206999
108,0.04562109441567401,0.22064667953528647
109,0.04543038838247546,0.2203019236440136
110,0.04529902060016246,0.22087605458697127
111,0.04496567449675858,0.22086891970447664
112,0.04471734933529847,0.2214206134871186
113,0.044540160740732554,0.22200465709970668
114,0.04435094679884617,0.2217702708744126
115,0.04400923558926272,0.2224228542610782
116,0.043806696092172095,0.2223423060746494
117,0.0436885459260155,0.22289345706207708
118,0.04352118699855448,0.22323698437771025
119,0.04329402903805743,0.22218676140363733
120,0.04289603150229382,0.22276087527736185
121,0.042666381518344704,0.22330193450838984
122,0.04248310366092805,0.22320142043686264
123,0.04211261205948014,0.22385167379757154
124,0.04199882216613006,0.22439603190565185
125,0.041729839763115326,0.22528161802105873
126,0.04157910135546112,0.22561261373112193
127,0.041460770060299044,0.22559655063195636
128,0.04123598831082285,0.22455341605833096
129,0.0410766148481815,0.2243789176908129
130,0.040862351946851797,0.2248762931006113
131,0.04076370070083941,0.22538856450535735
132,0.040419884765335194,0.22596667349687535
133,0.04025474976875735,0.2258759282227407
134,0.04001285872119242,0.22672171529625912
135,0.039870639040198164,0.2270664566992999
136,0.03962635143430715,0.22702530363551385
137,0.039531453756843436,0.22732791543320524
138,0.03934117088090829,0.2277613533248059
139,0.039192082443495216,0.22759120735331076
140,0.038975245231711184,0.22658376545272815
141,0.038880789746684914,0.22658136086423558
142,0.03869878862337044,0.22613713238727914
143,0.038420111878044776,0.22673428842631574
144,0.03813869012705809,0.2265773221637748
145,0.03784262774760573,0.227203388996638
146,0.037746280130086726,0.22750583121187581
147,0.03760794362832562,0.22737051853744072
148,0.03742271168274581,0.2278042874395458
149,0.0373016863484151,0.22837076933649975
150,0.0371053423236753,0.22744528195057845
151,0.036985889544565595,0.22731901816419992
152,0.03688843399843171,0.22781842494363683
153,0.03665830277913872,0.22865536232101819
154,0.036484453225845516,0.22908145575491592
155,0.036315341144811754,0.22866265663328583
156,0.03617058451266729,0.22866018370685168
157,0.036051778300248374,0.2285309283520417
158,0.035871592754309095,0.2276381722991897
159,0.035754964149146425,0.2282071343396789
160,0.03566919044301938,0.228680354972241
161,0.0354367509755527,0.22946110797941296
162,0.035274115756151816,0.2298661261990734
163,0.0350073487529565,0.23048738955240197
164,0.03487912928827038,0.23042939695148434
165,0.034649174597542146,0.23008469338365153
166,0.03448435544356642,0.2296729366481585
167,0.03440403297187765,0.22966821084645314
168,0.03424186767209523,0.2288233234425964
169,0.03395683892804044,0.22892002475481552
170,0.03378694004572746,0.22946061652614005
171,0.03357562992590844,0.23021409066410123
172,0.033498492085181304,0.23066769141429377
173,0.033385207037556715,0.23061349947325932
174,0.03323628408720215,0.23022773507181665
175,0.033048677335084466,0.22993370291915882
176,0.03290017371146389,0.2303304538626564
177,0.0326640481458368,0.23095717619642106
178,0.032550677317836736,0.23091225835757345
179,0.032390719766425616,0.23007765365100155
180,0.03228228989319175,0.23063676847985276
181,0.03220509090868073,0.23108694717926356
182,0.0320016738419731,0.23183918383998625
183,0.03186242931945021,0.23222948273945349
184,0.0317558802371946,0.232197294979426
185,0.03163222571890595,0.23221650526381815
186,0.03148564018097637,0.23142278953537954
187,0.031349895043275074,0.23104478878446588
188,0.03124452417694578,0.2316127351889511
189,0.031052143217572215,0.23212486881104902
190,0.030982031739853855,0.23213600737239365
191,0.03077667536619642,0.23203891478360603
192,0.030684981883180883,0.23196470473716926
193,0.030548948264255672,0.232346914218709
194,0.030330126803540407,0.23300068058356382
195,0.03025834706515145,0.23343752759556916
196,0.030160782793304308,0.23339775162852133
197,0.030031808133908548,0.23302981555222155
198,0.029899959721695808,0.23228843798543153
199,0.02972480975781672,0.2329712341026261
200,0.029598257490735837,0.2333458372595874
201,0.029512302103922385,0.23333401958073435
202,0.02941978860818114,0.23386503962498156
203,0.029249473355404974,0.23358895321112105
204,0.02918268675777186,0.23400764011103706
205,0.028987258314982552,0.2346208719277674
206,0.028904387784731922,0.23457766444741623
207,0.0287798635217772,0.2349242947137202
208,0.028650299480173443,0.23419914474757847
209,0.02847639050634914,0.23489542860784943
210,0.028403815830138686,0.23492200757526396
211,0.028276384071036387,0.2345580444181687
212,0.028202639448636595,0.2345371466811027
213,0.02810994223001795,0.23508319030268504
214,0.027992829058658755,0.2354186007483097
215,0.027929810190138914,0.23582657325744055
216,0.027811448087563435,0.2351357930028681
217,0.02773661145279884,0.23504633197270325
218,0.027588699902472924,0.23569946490607477
219,0.027483255115132613,0.2357452342173904
220,0.02726750198193482,0.23585258078696103
221,0.027148111638554462,0.23549463743694243
222,0.02703792395768468,0.23591294233009374
223,0.026949286790669366,0.23645691704855998
224,0.026798988440128135,0.2361852622484982
225,0.026627382592263285,0.23681209584080268
226,0.0265553340968069,0.23678615414312126
227,0.026492398800919,0.23719264447029026
228,0.026390434906258513,0.2375052515477854
229,0.026277965877681327,0.2368326046044616
230,0.026207888306937578,0.23681716072291392
231,0.026066716597040924,0.23742238690724743
232,0.02600195592330661,0.23745938518824913
233,0.025888045293956833,0.23711244493461878
234,0.02579097771286307,0.237418418076257
235,0.02572790242852439,0.23742147577724754
236,0.02562510702196481,0.2367819102525759
237,0.025568322445534544,0.23716854297418655
238,0.025432352477239344,0.23776304206628449
239,0.025344005907027647,0.23831037538030678
240,0.02516519907048308,0.2384243328932474
241,0.02500949777059226,0.23902814583261436
242,0.024942406566121452,0.2389547767284849
243,0.024848628536696917,0.23934694576061527
244,0.02479011928368037,0.23938738093279416
245,0.024688338761690135,0.23905530680243584
246,0.024555570676210503,0.23856912509161046
247,0.0244735228199342,0.23910387774904476
248,0.024370475861480004,0.23926484464219852
249,0.024250427935254934,0.23982046483072156
250,0.02414416964005099,0.239483874409148
251,0.023974567934722676,0.24035338634355627
252,0.023920880264127302,0.24033776662661685
253,0.023832435568906022,0.2406203010786965
254,0.023779819308578663,0.24099421120622083
255,0.02367909166994388,0.24024034319831353
256,0.023623896137612507,0.24017140648169655
257,0.023437927024804447,0.24047093876773643
258,0.02335982485810441,0.24100717843853234
259,0.023311964409943726,0.24103717284529716
260,0.023199164964393497,0.2415563476341661
261,0.023116736522960746,0.24182976949448953
262,0.02302375323525551,0.2415109770962481
263,0.02288649683950021,0.24211694269582143
264,0.022828942675049386,0.24210335895580948
265,0.02273896909822003,0.2414193616994303
266,0.02268812066023994,0.24178658691914925
267,0.022546860178919118,0.24173345561711138
268,0.02249344238248684,0.24167728922696616
269,0.022414417481616555,0.24195677486652725
270,0.022345675465834096,0.2424631782139217
271,0.022294041692125326,0.24251665212925347
272,0.022190854394454392,0.24289362479285262
273,0.02210230677189367,0.24258278269582195
274,0.022054269056091935,0.24258820319798308
275,0.021971734367937316,0.24194176095370465
276,0.02192628412451335,0.24228909548331787
277,0.021851632432569695,0.2425936021528999
278,0.02172538858650496,0.24317368616762866
279,0.021671521674488468,0.2431667296732151
280,0.021553261383247983,0.24292971608655398
281,0.021471807997427088,0.24301028834713265
282,0.021318060638277545,0.2432901592773079
283,0.021245296562919534,0.24381173706933046
284,0.021121382973708126,0.24357080250301602
285,0.021051177647915184,0.24383386326206524
286,0.02100260552642782,0.24384494297133674
287,0.020900033327953642,0.24423445751745645
288,0.020819962614238303,0.24393383920923753
289,0.02078055094902399,0.24397207115909586
290,0.020622362931406287,0.24486574715109763
291,0.02055815587713682,0.24536451357240802
292,0.020488118464920234,0.24493876732095873
293,0.020447066283937776,0.24527075673016005
294,0.02037975065736076,0.2455378617411878
295,0.020330301094054506,0.24549274071272648
296,0.020257342049109325,0.24520051848017196
297,0.020183786089907566,0.24528373440055007
298,0.020093000341523396,0.24564690929800376
299,0.0200337336073361,0.24612717350999103
300,0.019922648260510396,0.24670226449145335
