x,y
0.15590162859738177,0.39149987478433845
0.230676529313792,0.2969661489098972
0.28898135007859627,0.7192802640154099
0.3173449967775044,0.5963971061047117
0.3668139234573573,0.33938848953300915
0.3705445974490822,0.5691613966114863
0.373037276521208,0.9649331833869768
0.4030941391185261,0.5060363827185964
0.4613152594420351,0.7678312494138881
0.516030793914225,0.9394502326871861
0.7052900669919275,0.9957890620012114
0.8246987895643008,0.5559487693296417
0.9518777610225841,1.5447537421146302
1.514610294918634,1.6655192807041304
1.5962114531673026,1.053766269239536
1.59908775557657,0.7094703762738059
1.6084438982785743,1.2364224120226526
1.7505903811287535,0.2566495431129309
1.9479089560696112,-0.17082908040274514
2.0350800804115856,0.07179230585477908
2.045241237767326,0.24537316523578273
2.1695626323225046,0.7208397222929719
2.1771722499695887,0.0845497709912945
2.3040533040887645,0.3060034313017944
2.4223536826629495,-0.09214747849992105
2.4592534421523453,-0.160136831972247
3.1680804033260115,-0.4000506557024577
3.2413270607295237,-0.20579040437883536
3.3716662835211864,0.3683476440784693
3.4439471076549992,0.2657470842234857
3.5105978343763073,-0.31666295616570656
3.5941168385847995,-0.15223841808905675
4.002556411348281,0.2703908599260435
4.026280084961121,1.1727210592224566
4.0348361605200225,1.5430026284432325
4.100943113021389,1.248384402922787
4.173169060816525,0.9635325563506041
4.194923394825241,2.081212169317996
4.253531055359254,1.2924046304866286
4.325561801132774,1.3369027889989997
4.326927569593347,1.1508256474091292
4.45608741516045,1.3646463427539468
4.527345539266374,1.4778822290015623
4.571028431446541,1.558546233490343
4.6893326091114895,2.0969113932080137
4.812562357198986,2.015805033483464
5.0837405472503505,2.0057077669464762
5.129900042452059,1.9933769947443287
5.21165306342564,1.507537799654039
5.212684817625034,2.5228801089773873
5.248119934381923,1.799338757624483
5.262752618181079,1.2771293471969303
5.433398549750909,1.419561140357544
5.662914565042347,2.1564232533159515
5.684197732292454,1.3232856021184705
5.826408413913997,1.1539905493496672
5.879355070686255,0.5446101572290799
5.917410580543619,1.2786381528828505
5.9628578154320415,1.8271775857289305
5.990766872962924,1.680850811438638
