tree,draw,training_row_zero_based
0,0,32
0,1,5
0,2,52
0,3,42
0,4,18
0,5,45
0,6,1
0,7,12
0,8,52
0,9,19
0,10,20
0,11,26
0,12,62
0,13,62
0,14,51
0,15,51
0,16,7
0,17,4
0,18,12
0,19,25
0,20,15
0,21,55
0,22,14
0,23,48
0,24,22
0,25,54
0,26,20
0,27,57
0,28,30
0,29,26
0,30,58
0,31,49
0,32,52
0,33,33
0,34,3
0,35,11
0,36,8
0,37,0
0,38,19
0,39,35
0,40,16
0,41,38
0,42,9
0,43,62
0,44,18
0,45,48
0,46,37
0,47,24
0,48,25
0,49,6
0,50,16
0,51,58
0,52,0
0,53,48
0,54,60
0,55,4
0,56,61
0,57,22
0,58,14
0,59,45
0,60,5
0,61,39
0,62,9
0,63,50
1,0,26
1,1,12
1,2,30
1,3,30
1,4,49
1,5,12
1,6,12
1,7,58
1,8,27
1,9,23
1,10,43
1,11,28
1,12,60
1,13,12
1,14,53
1,15,13
1,16,27
1,17,34
1,18,26
1,19,53
1,20,12
1,21,2
1,22,45
1,23,46
1,24,4
1,25,32
1,26,37
1,27,5
1,28,29
1,29,18
1,30,31
1,31,54
1,32,52
1,33,38
1,34,62
1,35,58
1,36,30
1,37,43
1,38,20
1,39,60
1,40,0
1,41,36
1,42,46
1,43,10
1,44,18
1,45,1
1,46,17
1,47,15
1,48,31
1,49,7
1,50,23
1,51,10
1,52,19
1,53,31
1,54,47
1,55,9
1,56,44
1,57,52
1,58,17
1,59,42
1,60,54
1,61,62
1,62,52
1,63,6
2,0,63
2,1,48
2,2,12
2,3,20
2,4,9
2,5,37
2,6,5
2,7,50
2,8,48
2,9,29
2,10,34
2,11,3
2,12,45
2,13,14
2,14,9
2,15,32
2,16,38
2,17,45
2,18,18
2,19,33
2,20,1
2,21,28
2,22,32
2,23,24
2,24,55
2,25,28
2,26,51
2,27,19
2,28,39
2,29,34
2,30,26
2,31,49
2,32,12
2,33,9
2,34,48
2,35,9
2,36,11
2,37,27
2,38,2
2,39,43
2,40,37
2,41,31
2,42,44
2,43,61
2,44,31
2,45,35
2,46,45
2,47,2
2,48,36
2,49,4
2,50,28
2,51,60
2,52,23
2,53,62
2,54,39
2,55,56
2,56,22
2,57,10
2,58,36
2,59,47
2,60,24
2,61,30
2,62,10
2,63,58
3,0,29
3,1,53
3,2,13
3,3,60
3,4,6
3,5,40
3,6,16
3,7,59
3,8,0
3,9,32
3,10,56
3,11,5
3,12,1
3,13,34
3,14,48
3,15,61
3,16,19
3,17,45
3,18,16
3,19,32
3,20,48
3,21,46
3,22,27
3,23,25
3,24,38
3,25,37
3,26,35
3,27,22
3,28,32
3,29,37
3,30,32
3,31,45
3,32,1
3,33,49
3,34,47
3,35,55
3,36,55
3,37,22
3,38,52
3,39,36
3,40,52
3,41,48
3,42,39
3,43,9
3,44,46
3,45,58
3,46,24
3,47,54
3,48,23
3,49,2
3,50,36
3,51,25
3,52,9
3,53,23
3,54,5
3,55,33
3,56,31
3,57,34
3,58,13
3,59,54
3,60,3
3,61,10
3,62,61
3,63,42
4,0,9
4,1,35
4,2,22
4,3,14
4,4,9
4,5,11
4,6,13
4,7,51
4,8,1
4,9,60
4,10,48
4,11,23
4,12,52
4,13,26
4,14,36
4,15,59
4,16,18
4,17,34
4,18,53
4,19,27
4,20,45
4,21,7
4,22,4
4,23,43
4,24,50
4,25,46
4,26,57
4,27,38
4,28,58
4,29,6
4,30,38
4,31,12
4,32,19
4,33,15
4,34,49
4,35,48
4,36,41
4,37,57
4,38,32
4,39,31
4,40,43
4,41,44
4,42,22
4,43,15
4,44,27
4,45,15
4,46,41
4,47,48
4,48,47
4,49,22
4,50,26
4,51,50
4,52,30
4,53,24
4,54,52
4,55,52
4,56,29
4,57,7
4,58,17
4,59,20
4,60,29
4,61,6
4,62,7
4,63,58
5,0,13
5,1,46
5,2,61
5,3,17
5,4,36
5,5,43
5,6,4
5,7,0
5,8,23
5,9,50
5,10,18
5,11,1
5,12,54
5,13,8
5,14,59
5,15,37
5,16,44
5,17,24
5,18,40
5,19,0
5,20,8
5,21,6
5,22,41
5,23,3
5,24,45
5,25,42
5,26,45
5,27,48
5,28,61
5,29,29
5,30,41
5,31,30
5,32,52
5,33,29
5,34,13
5,35,26
5,36,30
5,37,59
5,38,25
5,39,55
5,40,53
5,41,11
5,42,61
5,43,9
5,44,0
5,45,30
5,46,18
5,47,61
5,48,30
5,49,62
5,50,6
5,51,34
5,52,19
5,53,52
5,54,20
5,55,47
5,56,20
5,57,59
5,58,5
5,59,17
5,60,1
5,61,27
5,62,27
5,63,30
6,0,36
6,1,26
6,2,27
6,3,18
6,4,13
6,5,12
6,6,5
6,7,53
6,8,4
6,9,33
6,10,29
6,11,8
6,12,13
6,13,30
6,14,22
6,15,38
6,16,58
6,17,41
6,18,56
6,19,36
6,20,18
6,21,1
6,22,21
6,23,27
6,24,5
6,25,15
6,26,50
6,27,4
6,28,36
6,29,41
6,30,24
6,31,30
6,32,22
6,33,19
6,34,5
6,35,32
6,36,13
6,37,56
6,38,48
6,39,41
6,40,32
6,41,8
6,42,48
6,43,37
6,44,30
6,45,42
6,46,27
6,47,27
6,48,19
6,49,25
6,50,40
6,51,20
6,52,14
6,53,25
6,54,57
6,55,55
6,56,1
6,57,1
6,58,27
6,59,60
6,60,19
6,61,39
6,62,5
6,63,22
7,0,55
7,1,21
7,2,7
7,3,60
7,4,34
7,5,13
7,6,46
7,7,48
7,8,2
7,9,52
7,10,45
7,11,58
7,12,39
7,13,31
7,14,12
7,15,51
7,16,45
7,17,63
7,18,58
7,19,49
7,20,53
7,21,11
7,22,20
7,23,34
7,24,37
7,25,63
7,26,15
7,27,2
7,28,60
7,29,22
7,30,55
7,31,54
7,32,30
7,33,53
7,34,33
7,35,59
7,36,42
7,37,58
7,38,40
7,39,27
7,40,1
7,41,18
7,42,46
7,43,52
7,44,37
7,45,49
7,46,19
7,47,60
7,48,4
7,49,23
7,50,20
7,51,31
7,52,12
7,53,31
7,54,23
7,55,44
7,56,9
7,57,4
7,58,16
7,59,31
7,60,18
7,61,35
7,62,25
7,63,47
8,0,35
8,1,54
8,2,36
8,3,57
8,4,24
8,5,7
8,6,38
8,7,22
8,8,46
8,9,13
8,10,43
8,11,28
8,12,24
8,13,24
8,14,17
8,15,1
8,16,16
8,17,59
8,18,48
8,19,44
8,20,3
8,21,1
8,22,61
8,23,55
8,24,55
8,25,11
8,26,34
8,27,15
8,28,27
8,29,2
8,30,39
8,31,57
8,32,60
8,33,34
8,34,35
8,35,30
8,36,0
8,37,38
8,38,6
8,39,23
8,40,57
8,41,44
8,42,5
8,43,12
8,44,30
8,45,17
8,46,55
8,47,35
8,48,46
8,49,22
8,50,30
8,51,0
8,52,35
8,53,2
8,54,21
8,55,39
8,56,20
8,57,52
8,58,2
8,59,41
8,60,48
8,61,27
8,62,46
8,63,33
9,0,63
9,1,35
9,2,57
9,3,30
9,4,42
9,5,55
9,6,35
9,7,13
9,8,31
9,9,31
9,10,10
9,11,47
9,12,11
9,13,50
9,14,57
9,15,22
9,16,10
9,17,37
9,18,25
9,19,61
9,20,37
9,21,11
9,22,44
9,23,58
9,24,16
9,25,58
9,26,62
9,27,52
9,28,31
9,29,18
9,30,58
9,31,61
9,32,4
9,33,43
9,34,3
9,35,58
9,36,9
9,37,8
9,38,14
9,39,19
9,40,0
9,41,54
9,42,56
9,43,57
9,44,27
9,45,12
9,46,20
9,47,36
9,48,45
9,49,23
9,50,25
9,51,53
9,52,21
9,53,18
9,54,6
9,55,53
9,56,38
9,57,49
9,58,40
9,59,42
9,60,7
9,61,16
9,62,43
9,63,39
10,0,39
10,1,51
10,2,36
10,3,6
10,4,30
10,5,39
10,6,6
10,7,52
10,8,61
10,9,34
10,10,11
10,11,54
10,12,14
10,13,40
10,14,56
10,15,19
10,16,63
10,17,32
10,18,21
10,19,48
10,20,18
10,21,57
10,22,38
10,23,58
10,24,25
10,25,28
10,26,26
10,27,51
10,28,24
10,29,16
10,30,39
10,31,26
10,32,39
10,33,33
10,34,10
10,35,1
10,36,23
10,37,0
10,38,45
10,39,7
10,40,63
10,41,36
10,42,60
10,43,22
10,44,57
10,45,18
10,46,16
10,47,38
10,48,25
10,49,14
10,50,62
10,51,0
10,52,47
10,53,49
10,54,33
10,55,40
10,56,39
10,57,41
10,58,30
10,59,14
10,60,27
10,61,43
10,62,14
10,63,57
11,0,22
11,1,18
11,2,12
11,3,56
11,4,51
11,5,46
11,6,37
11,7,16
11,8,28
11,9,60
11,10,40
11,11,5
11,12,24
11,13,14
11,14,44
11,15,38
11,16,27
11,17,3
11,18,8
11,19,26
11,20,55
11,21,38
11,22,26
11,23,41
11,24,12
11,25,57
11,26,17
11,27,62
11,28,1
11,29,49
11,30,14
11,31,36
11,32,19
11,33,43
11,34,53
11,35,11
11,36,52
11,37,62
11,38,43
11,39,3
11,40,36
11,41,49
11,42,9
11,43,35
11,44,25
11,45,15
11,46,28
11,47,57
11,48,27
11,49,47
11,50,49
11,51,13
11,52,48
11,53,54
11,54,20
11,55,42
11,56,8
11,57,14
11,58,42
11,59,34
11,60,49
11,61,4
11,62,50
11,63,47
12,0,36
12,1,41
12,2,44
12,3,58
12,4,46
12,5,46
12,6,47
12,7,21
12,8,8
12,9,42
12,10,51
12,11,20
12,12,17
12,13,43
12,14,30
12,15,34
12,16,54
12,17,4
12,18,16
12,19,55
12,20,2
12,21,62
12,22,13
12,23,33
12,24,46
12,25,59
12,26,31
12,27,55
12,28,29
12,29,44
12,30,53
12,31,13
12,32,42
12,33,46
12,34,5
12,35,2
12,36,60
12,37,50
12,38,25
12,39,25
12,40,41
12,41,3
12,42,19
12,43,3
12,44,56
12,45,10
12,46,3
12,47,40
12,48,49
12,49,52
12,50,54
12,51,12
12,52,36
12,53,47
12,54,38
12,55,42
12,56,9
12,57,0
12,58,3
12,59,45
12,60,59
12,61,19
12,62,3
12,63,63
13,0,54
13,1,35
13,2,16
13,3,14
13,4,38
13,5,22
13,6,41
13,7,1
13,8,12
13,9,59
13,10,26
13,11,50
13,12,4
13,13,55
13,14,59
13,15,2
13,16,3
13,17,18
13,18,24
13,19,29
13,20,60
13,21,63
13,22,7
13,23,22
13,24,45
13,25,3
13,26,22
13,27,5
13,28,3
13,29,58
13,30,23
13,31,44
13,32,60
13,33,58
13,34,26
13,35,46
13,36,59
13,37,20
13,38,24
13,39,38
13,40,23
13,41,9
13,42,7
13,43,53
13,44,28
13,45,17
13,46,49
13,47,36
13,48,35
13,49,30
13,50,23
13,51,33
13,52,14
13,53,62
13,54,61
13,55,56
13,56,35
13,57,8
13,58,38
13,59,2
13,60,48
13,61,24
13,62,23
13,63,36
14,0,57
14,1,31
14,2,36
14,3,39
14,4,17
14,5,37
14,6,6
14,7,35
14,8,32
14,9,7
14,10,57
14,11,3
14,12,50
14,13,12
14,14,3
14,15,61
14,16,1
14,17,11
14,18,23
14,19,28
14,20,44
14,21,8
14,22,2
14,23,1
14,24,16
14,25,56
14,26,20
14,27,33
14,28,47
14,29,27
14,30,39
14,31,30
14,32,43
14,33,16
14,34,11
14,35,18
14,36,52
14,37,37
14,38,4
14,39,5
14,40,47
14,41,40
14,42,9
14,43,39
14,44,3
14,45,19
14,46,48
14,47,37
14,48,16
14,49,3
14,50,2
14,51,48
14,52,1
14,53,56
14,54,37
14,55,9
14,56,57
14,57,5
14,58,51
14,59,59
14,60,10
14,61,16
14,62,13
14,63,58
15,0,21
15,1,31
15,2,7
15,3,8
15,4,36
15,5,19
15,6,50
15,7,6
15,8,44
15,9,44
15,10,14
15,11,57
15,12,31
15,13,5
15,14,19
15,15,25
15,16,47
15,17,54
15,18,36
15,19,18
15,20,54
15,21,47
15,22,24
15,23,50
15,24,8
15,25,9
15,26,58
15,27,13
15,28,58
15,29,60
15,30,43
15,31,51
15,32,6
15,33,52
15,34,26
15,35,38
15,36,37
15,37,33
15,38,22
15,39,13
15,40,17
15,41,5
15,42,45
15,43,31
15,44,8
15,45,9
15,46,10
15,47,43
15,48,15
15,49,51
15,50,10
15,51,24
15,52,55
15,53,17
15,54,45
15,55,16
15,56,16
15,57,10
15,58,15
15,59,25
15,60,56
15,61,55
15,62,52
15,63,34
16,0,59
16,1,3
16,2,19
16,3,34
16,4,60
16,5,3
16,6,34
16,7,17
16,8,63
16,9,50
16,10,51
16,11,62
16,12,51
16,13,52
16,14,52
16,15,3
16,16,1
16,17,58
16,18,41
16,19,31
16,20,42
16,21,41
16,22,8
16,23,57
16,24,4
16,25,37
16,26,45
16,27,17
16,28,38
16,29,37
16,30,22
16,31,61
16,32,40
16,33,47
16,34,49
16,35,45
16,36,28
16,37,18
16,38,50
16,39,44
16,40,29
16,41,28
16,42,28
16,43,8
16,44,36
16,45,39
16,46,5
16,47,9
16,48,3
16,49,1
16,50,40
16,51,32
16,52,29
16,53,53
16,54,7
16,55,16
16,56,56
16,57,12
16,58,49
16,59,47
16,60,9
16,61,50
16,62,63
16,63,22
17,0,40
17,1,39
17,2,44
17,3,49
17,4,57
17,5,10
17,6,0
17,7,17
17,8,42
17,9,35
17,10,2
17,11,6
17,12,38
17,13,12
17,14,27
17,15,9
17,16,0
17,17,6
17,18,22
17,19,4
17,20,47
17,21,51
17,22,17
17,23,8
17,24,45
17,25,7
17,26,3
17,27,34
17,28,0
17,29,59
17,30,50
17,31,1
17,32,46
17,33,8
17,34,4
17,35,33
17,36,57
17,37,60
17,38,10
17,39,6
17,40,10
17,41,47
17,42,15
17,43,41
17,44,5
17,45,53
17,46,43
17,47,6
17,48,51
17,49,1
17,50,43
17,51,24
17,52,11
17,53,13
17,54,0
17,55,58
17,56,25
17,57,8
17,58,10
17,59,25
17,60,41
17,61,44
17,62,0
17,63,51
18,0,41
18,1,61
18,2,57
18,3,27
18,4,56
18,5,13
18,6,38
18,7,7
18,8,48
18,9,47
18,10,37
18,11,20
18,12,55
18,13,8
18,14,26
18,15,13
18,16,37
18,17,22
18,18,8
18,19,30
18,20,49
18,21,17
18,22,23
18,23,31
18,24,53
18,25,57
18,26,46
18,27,16
18,28,44
18,29,28
18,30,43
18,31,21
18,32,36
18,33,63
18,34,53
18,35,33
18,36,5
18,37,2
18,38,27
18,39,21
18,40,21
18,41,27
18,42,38
18,43,44
18,44,61
18,45,8
18,46,31
18,47,27
18,48,54
18,49,2
18,50,57
18,51,63
18,52,39
18,53,47
18,54,37
18,55,45
18,56,45
18,57,32
18,58,27
18,59,45
18,60,24
18,61,43
18,62,18
18,63,47
19,0,39
19,1,55
19,2,26
19,3,47
19,4,22
19,5,7
19,6,63
19,7,11
19,8,15
19,9,56
19,10,3
19,11,38
19,12,20
19,13,40
19,14,8
19,15,45
19,16,34
19,17,13
19,18,18
19,19,18
19,20,16
19,21,31
19,22,11
19,23,27
19,24,11
19,25,32
19,26,6
19,27,13
19,28,29
19,29,7
19,30,55
19,31,37
19,32,17
19,33,0
19,34,56
19,35,47
19,36,24
19,37,37
19,38,44
19,39,14
19,40,32
19,41,37
19,42,58
19,43,45
19,44,10
19,45,11
19,46,32
19,47,14
19,48,9
19,49,0
19,50,55
19,51,36
19,52,44
19,53,61
19,54,3
19,55,8
19,56,7
19,57,38
19,58,50
19,59,17
19,60,3
19,61,2
19,62,11
19,63,16
20,0,33
20,1,42
20,2,56
20,3,39
20,4,42
20,5,7
20,6,20
20,7,29
20,8,16
20,9,51
20,10,13
20,11,20
20,12,24
20,13,31
20,14,56
20,15,49
20,16,9
20,17,51
20,18,48
20,19,28
20,20,50
20,21,8
20,22,43
20,23,45
20,24,7
20,25,5
20,26,21
20,27,57
20,28,22
20,29,19
20,30,26
20,31,17
20,32,44
20,33,55
20,34,8
20,35,3
20,36,16
20,37,26
20,38,59
20,39,11
20,40,11
20,41,20
20,42,62
20,43,8
20,44,60
20,45,11
20,46,41
20,47,33
20,48,14
20,49,56
20,50,63
20,51,45
20,52,21
20,53,29
20,54,9
20,55,41
20,56,35
20,57,13
20,58,40
20,59,33
20,60,13
20,61,57
20,62,28
20,63,46
21,0,58
21,1,12
21,2,18
21,3,11
21,4,28
21,5,0
21,6,53
21,7,60
21,8,25
21,9,25
21,10,23
21,11,25
21,12,19
21,13,61
21,14,45
21,15,5
21,16,23
21,17,60
21,18,46
21,19,33
21,20,60
21,21,37
21,22,61
21,23,30
21,24,27
21,25,45
21,26,21
21,27,2
21,28,63
21,29,5
21,30,48
21,31,42
21,32,56
21,33,3
21,34,40
21,35,0
21,36,22
21,37,13
21,38,45
21,39,14
21,40,45
21,41,22
21,42,25
21,43,49
21,44,46
21,45,38
21,46,6
21,47,39
21,48,4
21,49,7
21,50,56
21,51,58
21,52,2
21,53,42
21,54,28
21,55,28
21,56,27
21,57,38
21,58,9
21,59,49
21,60,60
21,61,56
21,62,60
21,63,44
22,0,50
22,1,57
22,2,29
22,3,23
22,4,23
22,5,62
22,6,53
22,7,43
22,8,18
22,9,24
22,10,48
22,11,36
22,12,20
22,13,25
22,14,14
22,15,54
22,16,61
22,17,45
22,18,9
22,19,43
22,20,63
22,21,52
22,22,34
22,23,52
22,24,28
22,25,16
22,26,56
22,27,54
22,28,6
22,29,54
22,30,25
22,31,9
22,32,49
22,33,31
22,34,62
22,35,6
22,36,24
22,37,44
22,38,46
22,39,21
22,40,28
22,41,55
22,42,48
22,43,49
22,44,31
22,45,12
22,46,47
22,47,6
22,48,63
22,49,47
22,50,3
22,51,34
22,52,58
22,53,47
22,54,25
22,55,32
22,56,45
22,57,40
22,58,15
22,59,48
22,60,0
22,61,7
22,62,23
22,63,25
23,0,44
23,1,26
23,2,39
23,3,3
23,4,21
23,5,20
23,6,10
23,7,62
23,8,38
23,9,35
23,10,31
23,11,22
23,12,44
23,13,62
23,14,45
23,15,61
23,16,48
23,17,12
23,18,6
23,19,61
23,20,24
23,21,55
23,22,43
23,23,46
23,24,47
23,25,26
23,26,7
23,27,61
23,28,51
23,29,17
23,30,8
23,31,55
23,32,30
23,33,17
23,34,6
23,35,60
23,36,57
23,37,47
23,38,35
23,39,23
23,40,47
23,41,56
23,42,23
23,43,45
23,44,57
23,45,17
23,46,59
23,47,15
23,48,22
23,49,5
23,50,43
23,51,62
23,52,21
23,53,25
23,54,13
23,55,9
23,56,38
23,57,63
23,58,43
23,59,29
23,60,44
23,61,56
23,62,7
23,63,28
24,0,17
24,1,2
24,2,61
24,3,34
24,4,6
24,5,56
24,6,21
24,7,40
24,8,11
24,9,10
24,10,21
24,11,62
24,12,46
24,13,54
24,14,5
24,15,30
24,16,55
24,17,11
24,18,1
24,19,5
24,20,10
24,21,38
24,22,48
24,23,41
24,24,35
24,25,10
24,26,26
24,27,29
24,28,21
24,29,31
24,30,57
24,31,46
24,32,1
24,33,15
24,34,28
24,35,13
24,36,44
24,37,47
24,38,18
24,39,43
24,40,29
24,41,21
24,42,3
24,43,56
24,44,12
24,45,10
24,46,11
24,47,60
24,48,2
24,49,6
24,50,32
24,51,12
24,52,7
24,53,11
24,54,58
24,55,29
24,56,52
24,57,36
24,58,60
24,59,41
24,60,53
24,61,30
24,62,31
24,63,4
25,0,63
25,1,4
25,2,40
25,3,50
25,4,43
25,5,61
25,6,20
25,7,38
25,8,17
25,9,13
25,10,44
25,11,15
25,12,1
25,13,2
25,14,49
25,15,13
25,16,37
25,17,35
25,18,14
25,19,60
25,20,57
25,21,41
25,22,40
25,23,63
25,24,49
25,25,53
25,26,22
25,27,2
25,28,30
25,29,48
25,30,51
25,31,26
25,32,50
25,33,23
25,34,4
25,35,36
25,36,16
25,37,53
25,38,57
25,39,19
25,40,41
25,41,25
25,42,12
25,43,10
25,44,49
25,45,29
25,46,12
25,47,7
25,48,44
25,49,11
25,50,43
25,51,20
25,52,44
25,53,32
25,54,10
25,55,1
25,56,31
25,57,23
25,58,61
25,59,58
25,60,54
25,61,10
25,62,43
25,63,4
26,0,3
26,1,8
26,2,22
26,3,44
26,4,33
26,5,9
26,6,23
26,7,26
26,8,5
26,9,26
26,10,57
26,11,34
26,12,1
26,13,51
26,14,7
26,15,55
26,16,45
26,17,10
26,18,16
26,19,26
26,20,33
26,21,56
26,22,28
26,23,27
26,24,37
26,25,7
26,26,0
26,27,18
26,28,50
26,29,26
26,30,19
26,31,58
26,32,37
26,33,20
26,34,56
26,35,27
26,36,5
26,37,8
26,38,19
26,39,1
26,40,56
26,41,7
26,42,26
26,43,16
26,44,31
26,45,36
26,46,55
26,47,59
26,48,55
26,49,38
26,50,41
26,51,43
26,52,4
26,53,33
26,54,42
26,55,9
26,56,46
26,57,44
26,58,63
26,59,43
26,60,57
26,61,4
26,62,24
26,63,10
27,0,52
27,1,20
27,2,40
27,3,10
27,4,28
27,5,53
27,6,5
27,7,6
27,8,4
27,9,29
27,10,29
27,11,6
27,12,51
27,13,52
27,14,46
27,15,12
27,16,51
27,17,20
27,18,0
27,19,1
27,20,32
27,21,7
27,22,57
27,23,41
27,24,21
27,25,19
27,26,59
27,27,40
27,28,1
27,29,38
27,30,19
27,31,21
27,32,11
27,33,27
27,34,44
27,35,48
27,36,3
27,37,57
27,38,50
27,39,15
27,40,47
27,41,1
27,42,22
27,43,58
27,44,38
27,45,22
27,46,19
27,47,33
27,48,44
27,49,23
27,50,8
27,51,33
27,52,57
27,53,51
27,54,58
27,55,1
27,56,34
27,57,18
27,58,52
27,59,4
27,60,33
27,61,47
27,62,0
27,63,46
28,0,26
28,1,48
28,2,6
28,3,54
28,4,55
28,5,8
28,6,43
28,7,20
28,8,12
28,9,17
28,10,31
28,11,41
28,12,1
28,13,35
28,14,28
28,15,24
28,16,3
28,17,45
28,18,32
28,19,34
28,20,50
28,21,2
28,22,5
28,23,29
28,24,27
28,25,27
28,26,21
28,27,32
28,28,20
28,29,59
28,30,6
28,31,22
28,32,51
28,33,22
28,34,23
28,35,35
28,36,26
28,37,29
28,38,29
28,39,57
28,40,10
28,41,57
28,42,26
28,43,3
28,44,50
28,45,17
28,46,46
28,47,50
28,48,11
28,49,51
28,50,13
28,51,46
28,52,33
28,53,60
28,54,58
28,55,54
28,56,53
28,57,18
28,58,44
28,59,28
28,60,30
28,61,52
28,62,44
28,63,11
29,0,42
29,1,30
29,2,55
29,3,34
29,4,33
29,5,42
29,6,41
29,7,48
29,8,11
29,9,5
29,10,1
29,11,42
29,12,50
29,13,57
29,14,47
29,15,60
29,16,58
29,17,45
29,18,33
29,19,49
29,20,20
29,21,6
29,22,62
29,23,7
29,24,16
29,25,3
29,26,3
29,27,59
29,28,45
29,29,40
29,30,14
29,31,59
29,32,6
29,33,39
29,34,40
29,35,26
29,36,41
29,37,23
29,38,10
29,39,46
29,40,15
29,41,14
29,42,32
29,43,49
29,44,8
29,45,20
29,46,21
29,47,37
29,48,58
29,49,57
29,50,50
29,51,53
29,52,43
29,53,32
29,54,43
29,55,28
29,56,4
29,57,63
29,58,12
29,59,37
29,60,34
29,61,34
29,62,42
29,63,43
30,0,25
30,1,57
30,2,36
30,3,17
30,4,16
30,5,25
30,6,39
30,7,8
30,8,10
30,9,27
30,10,24
30,11,46
30,12,38
30,13,44
30,14,10
30,15,33
30,16,47
30,17,42
30,18,21
30,19,33
30,20,42
30,21,28
30,22,52
30,23,24
30,24,58
30,25,43
30,26,19
30,27,35
30,28,28
30,29,13
30,30,36
30,31,23
30,32,32
30,33,26
30,34,13
30,35,50
30,36,52
30,37,35
30,38,19
30,39,10
30,40,13
30,41,28
30,42,14
30,43,19
30,44,59
30,45,57
30,46,36
30,47,30
30,48,16
30,49,32
30,50,10
30,51,27
30,52,61
30,53,43
30,54,17
30,55,20
30,56,12
30,57,58
30,58,34
30,59,25
30,60,7
30,61,49
30,62,41
30,63,33
31,0,38
31,1,59
31,2,46
31,3,34
31,4,61
31,5,42
31,6,55
31,7,52
31,8,58
31,9,25
31,10,7
31,11,32
31,12,6
31,13,24
31,14,26
31,15,41
31,16,33
31,17,6
31,18,52
31,19,58
31,20,50
31,21,4
31,22,58
31,23,8
31,24,16
31,25,40
31,26,41
31,27,42
31,28,62
31,29,17
31,30,30
31,31,20
31,32,28
31,33,17
31,34,6
31,35,62
31,36,55
31,37,32
31,38,4
31,39,41
31,40,60
31,41,15
31,42,14
31,43,50
31,44,7
31,45,8
31,46,22
31,47,6
31,48,16
31,49,52
31,50,39
31,51,60
31,52,29
31,53,33
31,54,13
31,55,51
31,56,25
31,57,60
31,58,10
31,59,23
31,60,10
31,61,31
31,62,30
31,63,54
32,0,41
32,1,14
32,2,60
32,3,6
32,4,47
32,5,6
32,6,41
32,7,48
32,8,7
32,9,17
32,10,14
32,11,4
32,12,56
32,13,43
32,14,62
32,15,39
32,16,11
32,17,39
32,18,4
32,19,18
32,20,18
32,21,62
32,22,48
32,23,23
32,24,40
32,25,42
32,26,31
32,27,56
32,28,45
32,29,1
32,30,27
32,31,49
32,32,7
32,33,40
32,34,14
32,35,40
32,36,36
32,37,63
32,38,57
32,39,32
32,40,30
32,41,50
32,42,51
32,43,38
32,44,19
32,45,61
32,46,33
32,47,21
32,48,30
32,49,13
32,50,17
32,51,24
32,52,53
32,53,15
32,54,45
32,55,9
32,56,31
32,57,45
32,58,21
32,59,14
32,60,3
32,61,28
32,62,53
32,63,50
33,0,23
33,1,33
33,2,39
33,3,37
33,4,56
33,5,54
33,6,29
33,7,24
33,8,19
33,9,55
33,10,56
33,11,57
33,12,16
33,13,59
33,14,28
33,15,26
33,16,55
33,17,9
33,18,30
33,19,9
33,20,1
33,21,29
33,22,51
33,23,61
33,24,4
33,25,48
33,26,4
33,27,0
33,28,11
33,29,32
33,30,19
33,31,57
33,32,46
33,33,10
33,34,14
33,35,47
33,36,34
33,37,20
33,38,24
33,39,33
33,40,59
33,41,58
33,42,20
33,43,54
33,44,10
33,45,56
33,46,21
33,47,63
33,48,41
33,49,35
33,50,43
33,51,8
33,52,59
33,53,6
33,54,24
33,55,56
33,56,32
33,57,9
33,58,32
33,59,46
33,60,52
33,61,27
33,62,45
33,63,16
34,0,5
34,1,1
34,2,47
34,3,21
34,4,17
34,5,5
34,6,13
34,7,36
34,8,51
34,9,56
34,10,15
34,11,36
34,12,22
34,13,16
34,14,60
34,15,30
34,16,11
34,17,10
34,18,41
34,19,43
34,20,0
34,21,3
34,22,7
34,23,36
34,24,12
34,25,15
34,26,58
34,27,40
34,28,7
34,29,57
34,30,38
34,31,19
34,32,42
34,33,5
34,34,58
34,35,61
34,36,27
34,37,42
34,38,9
34,39,52
34,40,1
34,41,6
34,42,36
34,43,36
34,44,25
34,45,59
34,46,48
34,47,59
34,48,41
34,49,57
34,50,31
34,51,37
34,52,42
34,53,32
34,54,22
34,55,20
34,56,33
34,57,23
34,58,4
34,59,58
34,60,7
34,61,12
34,62,47
34,63,53
35,0,29
35,1,33
35,2,9
35,3,36
35,4,1
35,5,27
35,6,12
35,7,33
35,8,15
35,9,41
35,10,18
35,11,39
35,12,46
35,13,30
35,14,25
35,15,1
35,16,37
35,17,60
35,18,6
35,19,35
35,20,52
35,21,31
35,22,48
35,23,14
35,24,18
35,25,27
35,26,52
35,27,2
35,28,56
35,29,50
35,30,14
35,31,44
35,32,6
35,33,54
35,34,38
35,35,56
35,36,40
35,37,33
35,38,7
35,39,17
35,40,40
35,41,53
35,42,4
35,43,12
35,44,48
35,45,10
35,46,51
35,47,7
35,48,3
35,49,57
35,50,30
35,51,33
35,52,19
35,53,37
35,54,29
35,55,44
35,56,29
35,57,59
35,58,32
35,59,12
35,60,33
35,61,0
35,62,15
35,63,2
36,0,13
36,1,15
36,2,9
36,3,25
36,4,44
36,5,32
36,6,41
36,7,3
36,8,4
36,9,54
36,10,10
36,11,56
36,12,26
36,13,15
36,14,50
36,15,3
36,16,3
36,17,5
36,18,25
36,19,42
36,20,25
36,21,48
36,22,50
36,23,15
36,24,52
36,25,62
36,26,39
36,27,2
36,28,47
36,29,39
36,30,42
36,31,37
36,32,48
36,33,6
36,34,11
36,35,23
36,36,13
36,37,21
36,38,37
36,39,47
36,40,47
36,41,56
36,42,16
36,43,25
36,44,8
36,45,11
36,46,9
36,47,32
36,48,20
36,49,11
36,50,59
36,51,28
36,52,0
36,53,36
36,54,5
36,55,21
36,56,48
36,57,56
36,58,18
36,59,18
36,60,29
36,61,50
36,62,63
36,63,29
37,0,52
37,1,46
37,2,30
37,3,13
37,4,41
37,5,18
37,6,24
37,7,35
37,8,31
37,9,33
37,10,53
37,11,36
37,12,25
37,13,22
37,14,10
37,15,46
37,16,28
37,17,40
37,18,5
37,19,37
37,20,37
37,21,27
37,22,11
37,23,23
37,24,28
37,25,32
37,26,33
37,27,12
37,28,4
37,29,0
37,30,19
37,31,52
37,32,8
37,33,45
37,34,27
37,35,22
37,36,4
37,37,53
37,38,15
37,39,6
37,40,60
37,41,62
37,42,22
37,43,17
37,44,15
37,45,1
37,46,40
37,47,48
37,48,2
37,49,58
37,50,56
37,51,48
37,52,40
37,53,4
37,54,18
37,55,46
37,56,52
37,57,17
37,58,32
37,59,26
37,60,39
37,61,34
37,62,2
37,63,42
38,0,5
38,1,32
38,2,47
38,3,28
38,4,21
38,5,27
38,6,14
38,7,35
38,8,48
38,9,12
38,10,43
38,11,10
38,12,48
38,13,21
38,14,47
38,15,21
38,16,38
38,17,39
38,18,39
38,19,17
38,20,46
38,21,27
38,22,22
38,23,28
38,24,60
38,25,42
38,26,37
38,27,24
38,28,55
38,29,61
38,30,63
38,31,50
38,32,19
38,33,54
38,34,32
38,35,22
38,36,54
38,37,27
38,38,51
38,39,63
38,40,16
38,41,21
38,42,8
38,43,62
38,44,27
38,45,10
38,46,33
38,47,44
38,48,58
38,49,24
38,50,43
38,51,51
38,52,4
38,53,5
38,54,16
38,55,59
38,56,62
38,57,1
38,58,33
38,59,16
38,60,3
38,61,1
38,62,36
38,63,32
39,0,56
39,1,43
39,2,54
39,3,21
39,4,35
39,5,10
39,6,22
39,7,33
39,8,27
39,9,13
39,10,19
39,11,25
39,12,26
39,13,46
39,14,13
39,15,58
39,16,38
39,17,51
39,18,44
39,19,33
39,20,14
39,21,41
39,22,63
39,23,46
39,24,30
39,25,2
39,26,61
39,27,28
39,28,62
39,29,37
39,30,10
39,31,0
39,32,49
39,33,13
39,34,5
39,35,12
39,36,25
39,37,28
39,38,0
39,39,55
39,40,40
39,41,1
39,42,52
39,43,62
39,44,53
39,45,61
39,46,32
39,47,21
39,48,16
39,49,2
39,50,21
39,51,32
39,52,7
39,53,59
39,54,58
39,55,1
39,56,7
39,57,22
39,58,46
39,59,46
39,60,8
39,61,54
39,62,30
39,63,14
40,0,51
40,1,52
40,2,22
40,3,26
40,4,43
40,5,4
40,6,39
40,7,42
40,8,11
40,9,43
40,10,58
40,11,23
40,12,25
40,13,3
40,14,58
40,15,55
40,16,49
40,17,58
40,18,46
40,19,9
40,20,42
40,21,16
40,22,1
40,23,26
40,24,51
40,25,43
40,26,44
40,27,2
40,28,15
40,29,29
40,30,9
40,31,57
40,32,23
40,33,61
40,34,43
40,35,13
40,36,13
40,37,63
40,38,5
40,39,1
40,40,19
40,41,33
40,42,43
40,43,29
40,44,29
40,45,9
40,46,5
40,47,50
40,48,3
40,49,48
40,50,22
40,51,20
40,52,9
40,53,34
40,54,51
40,55,24
40,56,36
40,57,2
40,58,34
40,59,22
40,60,57
40,61,43
40,62,61
40,63,43
41,0,32
41,1,16
41,2,39
41,3,37
41,4,44
41,5,3
41,6,38
41,7,14
41,8,4
41,9,7
41,10,53
41,11,6
41,12,27
41,13,8
41,14,10
41,15,13
41,16,14
41,17,12
41,18,11
41,19,16
41,20,51
41,21,9
41,22,42
41,23,14
41,24,54
41,25,12
41,26,14
41,27,23
41,28,1
41,29,47
41,30,48
41,31,38
41,32,22
41,33,50
41,34,1
41,35,55
41,36,53
41,37,11
41,38,2
41,39,61
41,40,38
41,41,21
41,42,11
41,43,32
41,44,38
41,45,60
41,46,57
41,47,35
41,48,23
41,49,29
41,50,20
41,51,47
41,52,48
41,53,35
41,54,9
41,55,4
41,56,53
41,57,55
41,58,2
41,59,57
41,60,12
41,61,12
41,62,33
41,63,45
42,0,42
42,1,42
42,2,60
42,3,55
42,4,43
42,5,16
42,6,52
42,7,28
42,8,15
42,9,34
42,10,9
42,11,22
42,12,9
42,13,38
42,14,37
42,15,38
42,16,63
42,17,10
42,18,59
42,19,28
42,20,54
42,21,17
42,22,2
42,23,32
42,24,47
42,25,11
42,26,22
42,27,62
42,28,55
42,29,61
42,30,7
42,31,7
42,32,37
42,33,4
42,34,33
42,35,20
42,36,42
42,37,4
42,38,61
42,39,31
42,40,42
42,41,4
42,42,17
42,43,30
42,44,51
42,45,12
42,46,1
42,47,15
42,48,0
42,49,16
42,50,4
42,51,42
42,52,46
42,53,22
42,54,31
42,55,46
42,56,29
42,57,54
42,58,25
42,59,61
42,60,57
42,61,42
42,62,13
42,63,41
43,0,58
43,1,38
43,2,61
43,3,10
43,4,11
43,5,39
43,6,24
43,7,37
43,8,59
43,9,49
43,10,56
43,11,63
43,12,52
43,13,27
43,14,41
43,15,42
43,16,53
43,17,54
43,18,13
43,19,18
43,20,48
43,21,17
43,22,46
43,23,62
43,24,20
43,25,21
43,26,27
43,27,61
43,28,16
43,29,25
43,30,11
43,31,33
43,32,48
43,33,18
43,34,21
43,35,25
43,36,7
43,37,37
43,38,51
43,39,63
43,40,4
43,41,39
43,42,13
43,43,43
43,44,16
43,45,31
43,46,45
43,47,24
43,48,6
43,49,40
43,50,19
43,51,19
43,52,48
43,53,51
43,54,14
43,55,30
43,56,63
43,57,20
43,58,39
43,59,7
43,60,7
43,61,43
43,62,49
43,63,34
44,0,19
44,1,17
44,2,32
44,3,15
44,4,14
44,5,57
44,6,43
44,7,44
44,8,54
44,9,55
44,10,60
44,11,45
44,12,1
44,13,30
44,14,60
44,15,26
44,16,61
44,17,32
44,18,3
44,19,45
44,20,29
44,21,9
44,22,57
44,23,57
44,24,55
44,25,30
44,26,48
44,27,57
44,28,46
44,29,27
44,30,44
44,31,52
44,32,24
44,33,8
44,34,42
44,35,61
44,36,22
44,37,37
44,38,37
44,39,41
44,40,3
44,41,3
44,42,41
44,43,39
44,44,20
44,45,21
44,46,58
44,47,14
44,48,24
44,49,26
44,50,16
44,51,13
44,52,62
44,53,3
44,54,7
44,55,49
44,56,62
44,57,19
44,58,8
44,59,11
44,60,17
44,61,19
44,62,26
44,63,44
45,0,10
45,1,56
45,2,14
45,3,43
45,4,38
45,5,33
45,6,6
45,7,3
45,8,14
45,9,11
45,10,50
45,11,42
45,12,39
45,13,49
45,14,57
45,15,44
45,16,51
45,17,35
45,18,25
45,19,9
45,20,56
45,21,17
45,22,17
45,23,17
45,24,26
45,25,22
45,26,60
45,27,53
45,28,19
45,29,60
45,30,7
45,31,37
45,32,30
45,33,44
45,34,5
45,35,12
45,36,18
45,37,10
45,38,4
45,39,48
45,40,0
45,41,34
45,42,41
45,43,29
45,44,33
45,45,25
45,46,11
45,47,36
45,48,49
45,49,37
45,50,8
45,51,41
45,52,38
45,53,46
45,54,8
45,55,46
45,56,16
45,57,21
45,58,17
45,59,37
45,60,31
45,61,54
45,62,56
45,63,44
46,0,53
46,1,9
46,2,63
46,3,60
46,4,24
46,5,4
46,6,26
46,7,28
46,8,45
46,9,32
46,10,42
46,11,9
46,12,62
46,13,1
46,14,45
46,15,29
46,16,41
46,17,15
46,18,62
46,19,8
46,20,3
46,21,54
46,22,60
46,23,53
46,24,6
46,25,38
46,26,55
46,27,60
46,28,57
46,29,14
46,30,5
46,31,17
46,32,26
46,33,37
46,34,8
46,35,29
46,36,49
46,37,24
46,38,36
46,39,59
46,40,43
46,41,28
46,42,5
46,43,52
46,44,9
46,45,28
46,46,31
46,47,44
46,48,22
46,49,56
46,50,4
46,51,32
46,52,30
46,53,54
46,54,50
46,55,0
46,56,54
46,57,42
46,58,12
46,59,39
46,60,2
46,61,12
46,62,45
46,63,42
47,0,9
47,1,14
47,2,3
47,3,61
47,4,1
47,5,31
47,6,57
47,7,54
47,8,22
47,9,56
47,10,56
47,11,36
47,12,25
47,13,8
47,14,12
47,15,36
47,16,16
47,17,50
47,18,38
47,19,13
47,20,20
47,21,25
47,22,3
47,23,18
47,24,53
47,25,32
47,26,48
47,27,39
47,28,44
47,29,41
47,30,23
47,31,11
47,32,38
47,33,10
47,34,51
47,35,56
47,36,48
47,37,37
47,38,23
47,39,63
47,40,47
47,41,55
47,42,52
47,43,8
47,44,43
47,45,42
47,46,20
47,47,44
47,48,15
47,49,47
47,50,15
47,51,57
47,52,23
47,53,47
47,54,36
47,55,50
47,56,60
47,57,47
47,58,2
47,59,19
47,60,63
47,61,1
47,62,60
47,63,25
48,0,40
48,1,43
48,2,18
48,3,15
48,4,2
48,5,52
48,6,5
48,7,47
48,8,6
48,9,40
48,10,59
48,11,60
48,12,42
48,13,32
48,14,5
48,15,43
48,16,50
48,17,61
48,18,21
48,19,33
48,20,39
48,21,21
48,22,18
48,23,39
48,24,60
48,25,55
48,26,1
48,27,25
48,28,29
48,29,61
48,30,18
48,31,34
48,32,58
48,33,9
48,34,36
48,35,27
48,36,53
48,37,54
48,38,11
48,39,55
48,40,11
48,41,56
48,42,51
48,43,51
48,44,10
48,45,25
48,46,8
48,47,56
48,48,40
48,49,39
48,50,23
48,51,37
48,52,53
48,53,3
48,54,15
48,55,49
48,56,31
48,57,36
48,58,51
48,59,16
48,60,35
48,61,0
48,62,56
48,63,44
49,0,29
49,1,2
49,2,43
49,3,17
49,4,59
49,5,50
49,6,20
49,7,4
49,8,20
49,9,16
49,10,41
49,11,27
49,12,13
49,13,48
49,14,17
49,15,2
49,16,13
49,17,1
49,18,19
49,19,5
49,20,10
49,21,32
49,22,9
49,23,3
49,24,50
49,25,5
49,26,62
49,27,30
49,28,18
49,29,24
49,30,37
49,31,25
49,32,48
49,33,4
49,34,58
49,35,13
49,36,8
49,37,30
49,38,18
49,39,56
49,40,29
49,41,55
49,42,31
49,43,50
49,44,54
49,45,61
49,46,33
49,47,30
49,48,47
49,49,53
49,50,56
49,51,17
49,52,28
49,53,1
49,54,11
49,55,35
49,56,21
49,57,62
49,58,20
49,59,8
49,60,36
49,61,5
49,62,62
49,63,50
50,0,37
50,1,59
50,2,0
50,3,59
50,4,48
50,5,23
50,6,24
50,7,6
50,8,26
50,9,32
50,10,5
50,11,1
50,12,44
50,13,58
50,14,60
50,15,24
50,16,60
50,17,46
50,18,2
50,19,50
50,20,32
50,21,60
50,22,20
50,23,46
50,24,50
50,25,30
50,26,33
50,27,32
50,28,22
50,29,46
50,30,55
50,31,45
50,32,40
50,33,21
50,34,58
50,35,3
50,36,13
50,37,61
50,38,59
50,39,8
50,40,18
50,41,28
50,42,29
50,43,11
50,44,3
50,45,15
50,46,63
50,47,1
50,48,10
50,49,26
50,50,24
50,51,32
50,52,38
50,53,50
50,54,40
50,55,40
50,56,21
50,57,50
50,58,48
50,59,21
50,60,13
50,61,24
50,62,3
50,63,51
51,0,9
51,1,14
51,2,58
51,3,55
51,4,52
51,5,19
51,6,24
51,7,17
51,8,3
51,9,28
51,10,40
51,11,21
51,12,25
51,13,8
51,14,58
51,15,13
51,16,30
51,17,30
51,18,17
51,19,60
51,20,50
51,21,36
51,22,5
51,23,49
51,24,2
51,25,51
51,26,6
51,27,32
51,28,39
51,29,50
51,30,7
51,31,29
51,32,36
51,33,3
51,34,38
51,35,29
51,36,49
51,37,36
51,38,15
51,39,14
51,40,45
51,41,37
51,42,31
51,43,27
51,44,50
51,45,10
51,46,12
51,47,51
51,48,2
51,49,24
51,50,13
51,51,7
51,52,37
51,53,46
51,54,62
51,55,52
51,56,53
51,57,44
51,58,25
51,59,29
51,60,36
51,61,42
51,62,11
51,63,62
52,0,48
52,1,49
52,2,46
52,3,53
52,4,11
52,5,27
52,6,26
52,7,28
52,8,30
52,9,3
52,10,22
52,11,57
52,12,46
52,13,50
52,14,35
52,15,54
52,16,17
52,17,6
52,18,4
52,19,46
52,20,48
52,21,8
52,22,3
52,23,22
52,24,45
52,25,16
52,26,8
52,27,13
52,28,57
52,29,60
52,30,25
52,31,11
52,32,60
52,33,59
52,34,3
52,35,62
52,36,29
52,37,54
52,38,37
52,39,55
52,40,29
52,41,15
52,42,1
52,43,36
52,44,28
52,45,52
52,46,8
52,47,54
52,48,25
52,49,29
52,50,49
52,51,18
52,52,46
52,53,54
52,54,19
52,55,44
52,56,39
52,57,37
52,58,26
52,59,29
52,60,2
52,61,36
52,62,11
52,63,55
53,0,23
53,1,34
53,2,48
53,3,42
53,4,62
53,5,36
53,6,56
53,7,50
53,8,50
53,9,9
53,10,36
53,11,26
53,12,40
53,13,12
53,14,23
53,15,58
53,16,8
53,17,27
53,18,25
53,19,33
53,20,4
53,21,13
53,22,57
53,23,33
53,24,5
53,25,0
53,26,30
53,27,40
53,28,57
53,29,26
53,30,4
53,31,49
53,32,3
53,33,33
53,34,26
53,35,34
53,36,62
53,37,47
53,38,7
53,39,33
53,40,41
53,41,45
53,42,13
53,43,55
53,44,8
53,45,49
53,46,2
53,47,10
53,48,43
53,49,31
53,50,57
53,51,43
53,52,15
53,53,31
53,54,34
53,55,8
53,56,40
53,57,10
53,58,17
53,59,35
53,60,57
53,61,61
53,62,62
53,63,39
54,0,3
54,1,36
54,2,57
54,3,34
54,4,28
54,5,4
54,6,31
54,7,25
54,8,3
54,9,29
54,10,44
54,11,22
54,12,59
54,13,13
54,14,5
54,15,9
54,16,0
54,17,47
54,18,27
54,19,53
54,20,11
54,21,44
54,22,52
54,23,34
54,24,21
54,25,40
54,26,7
54,27,34
54,28,0
54,29,52
54,30,6
54,31,20
54,32,5
54,33,12
54,34,18
54,35,57
54,36,7
54,37,35
54,38,4
54,39,53
54,40,53
54,41,36
54,42,24
54,43,15
54,44,46
54,45,9
54,46,63
54,47,26
54,48,26
54,49,60
54,50,24
54,51,26
54,52,34
54,53,37
54,54,52
54,55,24
54,56,37
54,57,16
54,58,39
54,59,48
54,60,28
54,61,61
54,62,35
54,63,54
55,0,14
55,1,42
55,2,29
55,3,28
55,4,14
55,5,19
55,6,19
55,7,18
55,8,49
55,9,13
55,10,36
55,11,44
55,12,32
55,13,14
55,14,56
55,15,25
55,16,60
55,17,50
55,18,23
55,19,56
55,20,50
55,21,57
55,22,31
55,23,12
55,24,12
55,25,44
55,26,13
55,27,29
55,28,61
55,29,42
55,30,60
55,31,8
55,32,49
55,33,56
55,34,8
55,35,55
55,36,37
55,37,61
55,38,46
55,39,57
55,40,47
55,41,2
55,42,21
55,43,51
55,44,13
55,45,44
55,46,0
55,47,40
55,48,6
55,49,59
55,50,5
55,51,52
55,52,2
55,53,62
55,54,35
55,55,23
55,56,3
55,57,1
55,58,35
55,59,3
55,60,42
55,61,29
55,62,5
55,63,13
56,0,61
56,1,2
56,2,1
56,3,41
56,4,6
56,5,6
56,6,5
56,7,27
56,8,47
56,9,49
56,10,60
56,11,49
56,12,59
56,13,28
56,14,62
56,15,20
56,16,40
56,17,21
56,18,11
56,19,41
56,20,20
56,21,63
56,22,37
56,23,8
56,24,49
56,25,31
56,26,53
56,27,2
56,28,62
56,29,10
56,30,49
56,31,29
56,32,13
56,33,4
56,34,30
56,35,29
56,36,60
56,37,36
56,38,10
56,39,23
56,40,3
56,41,12
56,42,63
56,43,3
56,44,1
56,45,54
56,46,60
56,47,56
56,48,11
56,49,33
56,50,21
56,51,4
56,52,45
56,53,16
56,54,11
56,55,15
56,56,59
56,57,37
56,58,12
56,59,34
56,60,45
56,61,38
56,62,28
56,63,29
57,0,30
57,1,7
57,2,63
57,3,57
57,4,9
57,5,4
57,6,17
57,7,54
57,8,34
57,9,0
57,10,56
57,11,60
57,12,28
57,13,62
57,14,24
57,15,26
57,16,11
57,17,12
57,18,40
57,19,53
57,20,61
57,21,27
57,22,3
57,23,17
57,24,20
57,25,61
57,26,38
57,27,26
57,28,15
57,29,43
57,30,9
57,31,31
57,32,57
57,33,33
57,34,26
57,35,15
57,36,44
57,37,23
57,38,54
57,39,30
57,40,53
57,41,24
57,42,41
57,43,8
57,44,5
57,45,5
57,46,19
57,47,41
57,48,31
57,49,45
57,50,17
57,51,16
57,52,29
57,53,31
57,54,22
57,55,56
57,56,17
57,57,3
57,58,28
57,59,58
57,60,59
57,61,1
57,62,30
57,63,18
58,0,7
58,1,63
58,2,54
58,3,55
58,4,29
58,5,10
58,6,21
58,7,40
58,8,8
58,9,10
58,10,21
58,11,6
58,12,55
58,13,8
58,14,41
58,15,12
58,16,2
58,17,20
58,18,42
58,19,31
58,20,26
58,21,38
58,22,52
58,23,49
58,24,35
58,25,41
58,26,56
58,27,43
58,28,38
58,29,11
58,30,36
58,31,16
58,32,39
58,33,12
58,34,14
58,35,25
58,36,34
58,37,22
58,38,58
58,39,14
58,40,26
58,41,10
58,42,45
58,43,36
58,44,24
58,45,22
58,46,33
58,47,38
58,48,17
58,49,22
58,50,6
58,51,37
58,52,52
58,53,8
58,54,7
58,55,18
58,56,6
58,57,45
58,58,59
58,59,58
58,60,62
58,61,53
58,62,8
58,63,23
59,0,51
59,1,63
59,2,0
59,3,45
59,4,43
59,5,7
59,6,45
59,7,47
59,8,20
59,9,4
59,10,60
59,11,57
59,12,23
59,13,9
59,14,47
59,15,53
59,16,30
59,17,58
59,18,42
59,19,7
59,20,61
59,21,47
59,22,37
59,23,22
59,24,20
59,25,52
59,26,45
59,27,55
59,28,37
59,29,16
59,30,34
59,31,35
59,32,1
59,33,40
59,34,57
59,35,15
59,36,1
59,37,2
59,38,28
59,39,20
59,40,54
59,41,22
59,42,55
59,43,31
59,44,23
59,45,54
59,46,37
59,47,2
59,48,41
59,49,35
59,50,3
59,51,62
59,52,2
59,53,28
59,54,35
59,55,12
59,56,41
59,57,17
59,58,8
59,59,62
59,60,39
59,61,50
59,62,46
59,63,53
60,0,35
60,1,17
60,2,43
60,3,58
60,4,5
60,5,52
60,6,63
60,7,20
60,8,39
60,9,44
60,10,55
60,11,46
60,12,6
60,13,40
60,14,62
60,15,45
60,16,34
60,17,56
60,18,12
60,19,1
60,20,30
60,21,7
60,22,55
60,23,26
60,24,16
60,25,51
60,26,27
60,27,11
60,28,7
60,29,14
60,30,27
60,31,32
60,32,50
60,33,46
60,34,42
60,35,5
60,36,19
60,37,32
60,38,26
60,39,8
60,40,30
60,41,45
60,42,29
60,43,42
60,44,53
60,45,17
60,46,57
60,47,20
60,48,39
60,49,1
60,50,25
60,51,48
60,52,24
60,53,35
60,54,35
60,55,18
60,56,6
60,57,31
60,58,52
60,59,28
60,60,32
60,61,44
60,62,45
60,63,43
61,0,28
61,1,38
61,2,0
61,3,6
61,4,41
61,5,47
61,6,61
61,7,30
61,8,17
61,9,62
61,10,44
61,11,40
61,12,1
61,13,59
61,14,61
61,15,41
61,16,55
61,17,63
61,18,45
61,19,29
61,20,3
61,21,23
61,22,8
61,23,49
61,24,37
61,25,0
61,26,61
61,27,30
61,28,3
61,29,49
61,30,22
61,31,52
61,32,54
61,33,29
61,34,21
61,35,63
61,36,0
61,37,2
61,38,52
61,39,53
61,40,4
61,41,35
61,42,55
61,43,31
61,44,54
61,45,8
61,46,19
61,47,12
61,48,37
61,49,29
61,50,18
61,51,35
61,52,4
61,53,50
61,54,44
61,55,38
61,56,44
61,57,0
61,58,62
61,59,20
61,60,53
61,61,16
61,62,32
61,63,49
62,0,35
62,1,63
62,2,57
62,3,32
62,4,21
62,5,55
62,6,47
62,7,46
62,8,22
62,9,35
62,10,0
62,11,0
62,12,50
62,13,62
62,14,63
62,15,51
62,16,10
62,17,13
62,18,39
62,19,56
62,20,61
62,21,32
62,22,63
62,23,24
62,24,62
62,25,39
62,26,41
62,27,59
62,28,5
62,29,30
62,30,22
62,31,34
62,32,1
62,33,27
62,34,8
62,35,53
62,36,15
62,37,12
62,38,20
62,39,60
62,40,4
62,41,25
62,42,26
62,43,24
62,44,16
62,45,59
62,46,58
62,47,54
62,48,20
62,49,23
62,50,61
62,51,7
62,52,24
62,53,0
62,54,23
62,55,51
62,56,1
62,57,5
62,58,31
62,59,31
62,60,33
62,61,63
62,62,52
62,63,61
63,0,28
63,1,7
63,2,5
63,3,24
63,4,51
63,5,14
63,6,53
63,7,51
63,8,60
63,9,38
63,10,23
63,11,59
63,12,48
63,13,3
63,14,20
63,15,62
63,16,42
63,17,52
63,18,43
63,19,54
63,20,48
63,21,35
63,22,59
63,23,49
63,24,26
63,25,12
63,26,34
63,27,14
63,28,24
63,29,43
63,30,24
63,31,48
63,32,54
63,33,39
63,34,32
63,35,35
63,36,42
63,37,62
63,38,48
63,39,59
63,40,35
63,41,6
63,42,47
63,43,63
63,44,0
63,45,54
63,46,63
63,47,2
63,48,59
63,49,53
63,50,0
63,51,63
63,52,54
63,53,8
63,54,8
63,55,62
63,56,34
63,57,28
63,58,59
63,59,10
63,60,13
63,61,61
63,62,27
63,63,33
64,0,15
64,1,46
64,2,39
64,3,2
64,4,17
64,5,62
64,6,40
64,7,45
64,8,23
64,9,56
64,10,34
64,11,10
64,12,32
64,13,7
64,14,2
64,15,58
64,16,31
64,17,26
64,18,16
64,19,8
64,20,2
64,21,50
64,22,23
64,23,29
64,24,57
64,25,25
64,26,47
64,27,43
64,28,58
64,29,42
64,30,13
64,31,10
64,32,23
64,33,56
64,34,8
64,35,36
64,36,24
64,37,38
64,38,16
64,39,45
64,40,14
64,41,16
64,42,12
64,43,61
64,44,23
64,45,57
64,46,28
64,47,45
64,48,12
64,49,30
64,50,7
64,51,12
64,52,57
64,53,36
64,54,36
64,55,60
64,56,52
64,57,34
64,58,62
64,59,26
64,60,19
64,61,48
64,62,9
64,63,0
65,0,13
65,1,43
65,2,62
65,3,15
65,4,61
65,5,0
65,6,36
65,7,7
65,8,0
65,9,3
65,10,40
65,11,55
65,12,24
65,13,42
65,14,62
65,15,19
65,16,56
65,17,43
65,18,34
65,19,34
65,20,17
65,21,17
65,22,17
65,23,19
65,24,61
65,25,20
65,26,59
65,27,0
65,28,45
65,29,4
65,30,23
65,31,62
65,32,19
65,33,18
65,34,22
65,35,27
65,36,23
65,37,17
65,38,27
65,39,24
65,40,1
65,41,60
65,42,20
65,43,23
65,44,38
65,45,21
65,46,11
65,47,5
65,48,39
65,49,49
65,50,43
65,51,62
65,52,51
65,53,27
65,54,15
65,55,13
65,56,27
65,57,57
65,58,22
65,59,38
65,60,60
65,61,31
65,62,4
65,63,12
66,0,6
66,1,44
66,2,20
66,3,9
66,4,6
66,5,38
66,6,9
66,7,8
66,8,9
66,9,0
66,10,31
66,11,6
66,12,55
66,13,53
66,14,40
66,15,51
66,16,60
66,17,44
66,18,51
66,19,56
66,20,19
66,21,56
66,22,43
66,23,15
66,24,48
66,25,47
66,26,7
66,27,51
66,28,58
66,29,61
66,30,30
66,31,14
66,32,52
66,33,58
66,34,52
66,35,21
66,36,11
66,37,17
66,38,30
66,39,58
66,40,6
66,41,35
66,42,26
66,43,55
66,44,41
66,45,13
66,46,1
66,47,61
66,48,24
66,49,49
66,50,44
66,51,5
66,52,33
66,53,5
66,54,47
66,55,8
66,56,37
66,57,34
66,58,39
66,59,36
66,60,59
66,61,60
66,62,32
66,63,22
67,0,36
67,1,53
67,2,34
67,3,62
67,4,25
67,5,58
67,6,11
67,7,35
67,8,17
67,9,14
67,10,52
67,11,59
67,12,61
67,13,59
67,14,3
67,15,15
67,16,8
67,17,31
67,18,21
67,19,45
67,20,3
67,21,28
67,22,8
67,23,1
67,24,4
67,25,13
67,26,63
67,27,50
67,28,17
67,29,6
67,30,26
67,31,29
67,32,54
67,33,47
67,34,12
67,35,7
67,36,53
67,37,19
67,38,24
67,39,63
67,40,40
67,41,15
67,42,43
67,43,14
67,44,2
67,45,47
67,46,36
67,47,55
67,48,23
67,49,53
67,50,4
67,51,44
67,52,34
67,53,52
67,54,46
67,55,55
67,56,21
67,57,39
67,58,6
67,59,23
67,60,62
67,61,28
67,62,58
67,63,21
68,0,32
68,1,9
68,2,14
68,3,7
68,4,14
68,5,26
68,6,54
68,7,39
68,8,22
68,9,27
68,10,14
68,11,48
68,12,2
68,13,5
68,14,33
68,15,29
68,16,52
68,17,55
68,18,36
68,19,56
68,20,28
68,21,19
68,22,30
68,23,6
68,24,8
68,25,62
68,26,7
68,27,62
68,28,12
68,29,2
68,30,41
68,31,31
68,32,37
68,33,26
68,34,46
68,35,23
68,36,57
68,37,12
68,38,47
68,39,49
68,40,4
68,41,28
68,42,62
68,43,13
68,44,18
68,45,11
68,46,63
68,47,12
68,48,21
68,49,54
68,50,16
68,51,26
68,52,12
68,53,58
68,54,8
68,55,5
68,56,0
68,57,32
68,58,26
68,59,61
68,60,57
68,61,18
68,62,63
68,63,52
69,0,61
69,1,30
69,2,43
69,3,38
69,4,44
69,5,36
69,6,1
69,7,51
69,8,18
69,9,16
69,10,48
69,11,50
69,12,36
69,13,5
69,14,30
69,15,33
69,16,8
69,17,8
69,18,59
69,19,12
69,20,22
69,21,39
69,22,20
69,23,40
69,24,26
69,25,37
69,26,22
69,27,11
69,28,23
69,29,8
69,30,14
69,31,51
69,32,3
69,33,45
69,34,9
69,35,36
69,36,2
69,37,40
69,38,57
69,39,58
69,40,51
69,41,17
69,42,7
69,43,33
69,44,5
69,45,62
69,46,22
69,47,50
69,48,9
69,49,15
69,50,23
69,51,60
69,52,52
69,53,50
69,54,25
69,55,20
69,56,47
69,57,1
69,58,13
69,59,53
69,60,24
69,61,22
69,62,55
69,63,37
70,0,54
70,1,3
70,2,28
70,3,29
70,4,59
70,5,26
70,6,50
70,7,24
70,8,20
70,9,2
70,10,51
70,11,51
70,12,46
70,13,45
70,14,27
70,15,43
70,16,26
70,17,24
70,18,33
70,19,17
70,20,6
70,21,2
70,22,3
70,23,40
70,24,25
70,25,44
70,26,24
70,27,4
70,28,7
70,29,54
70,30,28
70,31,19
70,32,54
70,33,62
70,34,31
70,35,7
70,36,4
70,37,49
70,38,51
70,39,24
70,40,62
70,41,18
70,42,56
70,43,9
70,44,6
70,45,15
70,46,0
70,47,46
70,48,50
70,49,23
70,50,13
70,51,37
70,52,61
70,53,27
70,54,8
70,55,29
70,56,38
70,57,58
70,58,59
70,59,21
70,60,41
70,61,59
70,62,42
70,63,48
71,0,24
71,1,37
71,2,1
71,3,15
71,4,59
71,5,41
71,6,47
71,7,14
71,8,10
71,9,26
71,10,44
71,11,20
71,12,63
71,13,61
71,14,29
71,15,4
71,16,62
71,17,43
71,18,20
71,19,10
71,20,28
71,21,48
71,22,57
71,23,14
71,24,57
71,25,38
71,26,0
71,27,49
71,28,2
71,29,0
71,30,40
71,31,34
71,32,2
71,33,0
71,34,6
71,35,33
71,36,32
71,37,13
71,38,39
71,39,22
71,40,26
71,41,1
71,42,60
71,43,6
71,44,34
71,45,12
71,46,40
71,47,19
71,48,11
71,49,53
71,50,39
71,51,33
71,52,3
71,53,38
71,54,63
71,55,9
71,56,17
71,57,48
71,58,30
71,59,7
71,60,43
71,61,4
71,62,33
71,63,6
72,0,53
72,1,53
72,2,52
72,3,28
72,4,5
72,5,58
72,6,36
72,7,41
72,8,20
72,9,2
72,10,47
72,11,54
72,12,31
72,13,0
72,14,43
72,15,42
72,16,5
72,17,31
72,18,13
72,19,43
72,20,5
72,21,37
72,22,18
72,23,7
72,24,23
72,25,22
72,26,41
72,27,15
72,28,24
72,29,21
72,30,62
72,31,55
72,32,41
72,33,25
72,34,33
72,35,62
72,36,61
72,37,39
72,38,40
72,39,26
72,40,57
72,41,46
72,42,39
72,43,36
72,44,53
72,45,2
72,46,31
72,47,31
72,48,62
72,49,7
72,50,61
72,51,23
72,52,63
72,53,8
72,54,63
72,55,47
72,56,27
72,57,24
72,58,28
72,59,33
72,60,25
72,61,37
72,62,61
72,63,51
73,0,62
73,1,22
73,2,58
73,3,3
73,4,50
73,5,31
73,6,25
73,7,21
73,8,15
73,9,30
73,10,0
73,11,57
73,12,10
73,13,62
73,14,7
73,15,13
73,16,29
73,17,8
73,18,6
73,19,57
73,20,27
73,21,46
73,22,23
73,23,21
73,24,43
73,25,31
73,26,49
73,27,22
73,28,10
73,29,6
73,30,16
73,31,32
73,32,19
73,33,9
73,34,30
73,35,50
73,36,3
73,37,57
73,38,51
73,39,0
73,40,44
73,41,62
73,42,22
73,43,11
73,44,6
73,45,58
73,46,47
73,47,38
73,48,9
73,49,42
73,50,41
73,51,20
73,52,13
73,53,17
73,54,43
73,55,57
73,56,57
73,57,45
73,58,15
73,59,57
73,60,45
73,61,48
73,62,1
73,63,32
74,0,32
74,1,1
74,2,37
74,3,19
74,4,60
74,5,46
74,6,21
74,7,36
74,8,46
74,9,15
74,10,19
74,11,60
74,12,60
74,13,60
74,14,21
74,15,7
74,16,44
74,17,48
74,18,47
74,19,31
74,20,32
74,21,13
74,22,27
74,23,37
74,24,25
74,25,42
74,26,33
74,27,26
74,28,28
74,29,12
74,30,20
74,31,47
74,32,7
74,33,60
74,34,27
74,35,21
74,36,3
74,37,13
74,38,43
74,39,23
74,40,3
74,41,40
74,42,36
74,43,15
74,44,28
74,45,31
74,46,9
74,47,50
74,48,49
74,49,56
74,50,60
74,51,23
74,52,15
74,53,25
74,54,53
74,55,20
74,56,1
74,57,50
74,58,28
74,59,39
74,60,16
74,61,1
74,62,4
74,63,8
75,0,54
75,1,57
75,2,38
75,3,33
75,4,13
75,5,6
75,6,17
75,7,37
75,8,62
75,9,63
75,10,32
75,11,51
75,12,6
75,13,54
75,14,58
75,15,3
75,16,39
75,17,6
75,18,25
75,19,50
75,20,63
75,21,31
75,22,38
75,23,61
75,24,47
75,25,14
75,26,47
75,27,35
75,28,35
75,29,28
75,30,3
75,31,5
75,32,33
75,33,36
75,34,58
75,35,40
75,36,52
75,37,12
75,38,12
75,39,18
75,40,21
75,41,30
75,42,52
75,43,49
75,44,33
75,45,35
75,46,19
75,47,33
75,48,3
75,49,43
75,50,13
75,51,0
75,52,48
75,53,43
75,54,0
75,55,26
75,56,53
75,57,48
75,58,30
75,59,23
75,60,30
75,61,62
75,62,18
75,63,59
76,0,12
76,1,39
76,2,21
76,3,11
76,4,20
76,5,9
76,6,59
76,7,16
76,8,16
76,9,6
76,10,0
76,11,14
76,12,26
76,13,59
76,14,56
76,15,4
76,16,31
76,17,4
76,18,28
76,19,11
76,20,19
76,21,44
76,22,57
76,23,23
76,24,33
76,25,7
76,26,19
76,27,37
76,28,11
76,29,4
76,30,5
76,31,43
76,32,60
76,33,17
76,34,25
76,35,58
76,36,51
76,37,47
76,38,57
76,39,36
76,40,35
76,41,40
76,42,1
76,43,5
76,44,12
76,45,25
76,46,17
76,47,50
76,48,1
76,49,3
76,50,35
76,51,11
76,52,16
76,53,55
76,54,8
76,55,1
76,56,53
76,57,32
76,58,23
76,59,19
76,60,16
76,61,1
76,62,13
76,63,22
77,0,35
77,1,63
77,2,32
77,3,10
77,4,16
77,5,50
77,6,61
77,7,19
77,8,2
77,9,23
77,10,40
77,11,32
77,12,50
77,13,52
77,14,4
77,15,7
77,16,35
77,17,30
77,18,46
77,19,17
77,20,61
77,21,5
77,22,26
77,23,33
77,24,58
77,25,8
77,26,59
77,27,16
77,28,59
77,29,21
77,30,16
77,31,33
77,32,26
77,33,26
77,34,6
77,35,10
77,36,31
77,37,19
77,38,3
77,39,11
77,40,42
77,41,35
77,42,57
77,43,45
77,44,10
77,45,25
77,46,33
77,47,32
77,48,3
77,49,6
77,50,31
77,51,6
77,52,60
77,53,13
77,54,2
77,55,8
77,56,55
77,57,48
77,58,6
77,59,22
77,60,36
77,61,7
77,62,36
77,63,56
78,0,37
78,1,3
78,2,21
78,3,54
78,4,38
78,5,8
78,6,23
78,7,55
78,8,56
78,9,50
78,10,30
78,11,27
78,12,2
78,13,1
78,14,32
78,15,38
78,16,39
78,17,51
78,18,31
78,19,13
78,20,17
78,21,15
78,22,17
78,23,38
78,24,30
78,25,60
78,26,16
78,27,53
78,28,14
78,29,49
78,30,12
78,31,42
78,32,40
78,33,38
78,34,48
78,35,17
78,36,62
78,37,12
78,38,27
78,39,8
78,40,28
78,41,1
78,42,49
78,43,4
78,44,17
78,45,8
78,46,14
78,47,44
78,48,13
78,49,20
78,50,14
78,51,19
78,52,28
78,53,34
78,54,8
78,55,33
78,56,50
78,57,1
78,58,7
78,59,2
78,60,53
78,61,60
78,62,42
78,63,37
79,0,6
79,1,14
79,2,56
79,3,20
79,4,41
79,5,19
79,6,17
79,7,39
79,8,26
79,9,42
79,10,40
79,11,37
79,12,51
79,13,38
79,14,5
79,15,41
79,16,0
79,17,24
79,18,41
79,19,24
79,20,44
79,21,4
79,22,2
79,23,47
79,24,58
79,25,49
79,26,55
79,27,49
79,28,41
79,29,30
79,30,29
79,31,33
79,32,54
79,33,13
79,34,56
79,35,44
79,36,15
79,37,5
79,38,41
79,39,0
79,40,53
79,41,11
79,42,27
79,43,63
79,44,62
79,45,62
79,46,7
79,47,58
79,48,8
79,49,39
79,50,54
79,51,32
79,52,15
79,53,46
79,54,60
79,55,18
79,56,56
79,57,41
79,58,39
79,59,25
79,60,35
79,61,25
79,62,14
79,63,50
80,0,4
80,1,6
80,2,41
80,3,41
80,4,61
80,5,52
80,6,17
80,7,36
80,8,36
80,9,15
80,10,43
80,11,51
80,12,11
80,13,27
80,14,49
80,15,51
80,16,32
80,17,24
80,18,29
80,19,25
80,20,57
80,21,10
80,22,32
80,23,38
80,24,60
80,25,58
80,26,5
80,27,19
80,28,46
80,29,54
80,30,26
80,31,31
80,32,2
80,33,49
80,34,27
80,35,7
80,36,23
80,37,32
80,38,46
80,39,63
80,40,1
80,41,21
80,42,53
80,43,9
80,44,15
80,45,27
80,46,46
80,47,33
80,48,31
80,49,6
80,50,2
80,51,53
80,52,48
80,53,34
80,54,6
80,55,3
80,56,59
80,57,49
80,58,46
80,59,39
80,60,7
80,61,3
80,62,61
80,63,63
81,0,30
81,1,0
81,2,32
81,3,16
81,4,13
81,5,16
81,6,39
81,7,24
81,8,18
81,9,29
81,10,37
81,11,56
81,12,18
81,13,29
81,14,25
81,15,16
81,16,36
81,17,51
81,18,30
81,19,47
81,20,43
81,21,1
81,22,22
81,23,7
81,24,58
81,25,22
81,26,56
81,27,35
81,28,18
81,29,51
81,30,5
81,31,55
81,32,15
81,33,14
81,34,12
81,35,28
81,36,45
81,37,21
81,38,31
81,39,29
81,40,12
81,41,40
81,42,49
81,43,38
81,44,36
81,45,19
81,46,63
81,47,60
81,48,53
81,49,2
81,50,45
81,51,19
81,52,25
81,53,37
81,54,25
81,55,24
81,56,37
81,57,24
81,58,8
81,59,24
81,60,1
81,61,15
81,62,25
81,63,5
82,0,61
82,1,4
82,2,41
82,3,61
82,4,26
82,5,52
82,6,7
82,7,8
82,8,41
82,9,51
82,10,47
82,11,43
82,12,31
82,13,58
82,14,12
82,15,42
82,16,22
82,17,27
82,18,13
82,19,38
82,20,24
82,21,55
82,22,60
82,23,45
82,24,28
82,25,20
82,26,6
82,27,47
82,28,12
82,29,13
82,30,59
82,31,3
82,32,44
82,33,57
82,34,53
82,35,20
82,36,2
82,37,15
82,38,30
82,39,36
82,40,18
82,41,32
82,42,21
82,43,7
82,44,63
82,45,3
82,46,27
82,47,39
82,48,41
82,49,53
82,50,10
82,51,47
82,52,42
82,53,35
82,54,33
82,55,22
82,56,30
82,57,4
82,58,52
82,59,54
82,60,33
82,61,47
82,62,54
82,63,63
83,0,54
83,1,28
83,2,39
83,3,16
83,4,23
83,5,33
83,6,20
83,7,2
83,8,40
83,9,24
83,10,21
83,11,26
83,12,44
83,13,54
83,14,63
83,15,42
83,16,55
83,17,61
83,18,35
83,19,56
83,20,56
83,21,63
83,22,62
83,23,26
83,24,7
83,25,63
83,26,37
83,27,28
83,28,23
83,29,43
83,30,5
83,31,22
83,32,5
83,33,42
83,34,3
83,35,44
83,36,63
83,37,20
83,38,51
83,39,37
83,40,54
83,41,42
83,42,15
83,43,63
83,44,48
83,45,38
83,46,58
83,47,17
83,48,58
83,49,8
83,50,58
83,51,36
83,52,13
83,53,42
83,54,31
83,55,51
83,56,41
83,57,10
83,58,32
83,59,25
83,60,35
83,61,31
83,62,38
83,63,3
84,0,9
84,1,23
84,2,32
84,3,0
84,4,29
84,5,57
84,6,11
84,7,48
84,8,13
84,9,4
84,10,0
84,11,44
84,12,17
84,13,33
84,14,31
84,15,29
84,16,45
84,17,45
84,18,45
84,19,23
84,20,19
84,21,19
84,22,49
84,23,35
84,24,8
84,25,23
84,26,52
84,27,0
84,28,46
84,29,17
84,30,17
84,31,19
84,32,15
84,33,28
84,34,55
84,35,17
84,36,37
84,37,26
84,38,62
84,39,54
84,40,19
84,41,52
84,42,44
84,43,54
84,44,1
84,45,12
84,46,8
84,47,28
84,48,62
84,49,62
84,50,49
84,51,20
84,52,43
84,53,39
84,54,23
84,55,29
84,56,63
84,57,52
84,58,36
84,59,17
84,60,24
84,61,36
84,62,51
84,63,13
85,0,47
85,1,55
85,2,10
85,3,47
85,4,48
85,5,1
85,6,28
85,7,48
85,8,11
85,9,45
85,10,10
85,11,32
85,12,17
85,13,9
85,14,50
85,15,2
85,16,49
85,17,53
85,18,7
85,19,56
85,20,51
85,21,8
85,22,2
85,23,19
85,24,19
85,25,13
85,26,37
85,27,52
85,28,7
85,29,6
85,30,47
85,31,31
85,32,27
85,33,37
85,34,38
85,35,54
85,36,31
85,37,60
85,38,6
85,39,15
85,40,38
85,41,26
85,42,14
85,43,17
85,44,21
85,45,33
85,46,61
85,47,56
85,48,39
85,49,2
85,50,56
85,51,0
85,52,14
85,53,2
85,54,35
85,55,57
85,56,43
85,57,42
85,58,29
85,59,39
85,60,62
85,61,14
85,62,52
85,63,6
86,0,22
86,1,51
86,2,61
86,3,47
86,4,46
86,5,36
86,6,6
86,7,20
86,8,39
86,9,43
86,10,1
86,11,36
86,12,55
86,13,31
86,14,39
86,15,61
86,16,31
86,17,3
86,18,6
86,19,60
86,20,58
86,21,33
86,22,46
86,23,50
86,24,8
86,25,56
86,26,5
86,27,38
86,28,60
86,29,33
86,30,15
86,31,51
86,32,30
86,33,51
86,34,43
86,35,39
86,36,32
86,37,0
86,38,39
86,39,30
86,40,43
86,41,54
86,42,24
86,43,57
86,44,14
86,45,63
86,46,61
86,47,55
86,48,54
86,49,35
86,50,20
86,51,11
86,52,63
86,53,3
86,54,35
86,55,58
86,56,47
86,57,1
86,58,15
86,59,16
86,60,4
86,61,33
86,62,32
86,63,37
87,0,53
87,1,19
87,2,21
87,3,32
87,4,47
87,5,27
87,6,6
87,7,7
87,8,20
87,9,44
87,10,17
87,11,29
87,12,35
87,13,25
87,14,45
87,15,18
87,16,4
87,17,31
87,18,58
87,19,55
87,20,60
87,21,29
87,22,32
87,23,53
87,24,32
87,25,2
87,26,60
87,27,63
87,28,22
87,29,22
87,30,62
87,31,11
87,32,58
87,33,60
87,34,0
87,35,53
87,36,28
87,37,7
87,38,47
87,39,58
87,40,41
87,41,34
87,42,8
87,43,13
87,44,30
87,45,58
87,46,37
87,47,37
87,48,62
87,49,13
87,50,38
87,51,9
87,52,15
87,53,53
87,54,1
87,55,40
87,56,10
87,57,17
87,58,58
87,59,45
87,60,26
87,61,43
87,62,42
87,63,49
88,0,25
88,1,35
88,2,6
88,3,48
88,4,61
88,5,38
88,6,13
88,7,53
88,8,46
88,9,19
88,10,52
88,11,44
88,12,43
88,13,5
88,14,54
88,15,54
88,16,52
88,17,58
88,18,37
88,19,41
88,20,21
88,21,22
88,22,40
88,23,45
88,24,20
88,25,51
88,26,6
88,27,48
88,28,61
88,29,57
88,30,22
88,31,45
88,32,40
88,33,50
88,34,41
88,35,32
88,36,47
88,37,61
88,38,46
88,39,55
88,40,40
88,41,13
88,42,59
88,43,2
88,44,34
88,45,57
88,46,34
88,47,18
88,48,28
88,49,31
88,50,10
88,51,56
88,52,9
88,53,35
88,54,9
88,55,21
88,56,39
88,57,39
88,58,40
88,59,7
88,60,62
88,61,38
88,62,23
88,63,5
89,0,60
89,1,26
89,2,19
89,3,17
89,4,20
89,5,42
89,6,43
89,7,52
89,8,60
89,9,3
89,10,28
89,11,63
89,12,61
89,13,59
89,14,47
89,15,46
89,16,32
89,17,14
89,18,31
89,19,22
89,20,19
89,21,33
89,22,59
89,23,20
89,24,56
89,25,14
89,26,42
89,27,62
89,28,37
89,29,23
89,30,33
89,31,27
89,32,18
89,33,39
89,34,61
89,35,38
89,36,31
89,37,29
89,38,14
89,39,32
89,40,40
89,41,49
89,42,20
89,43,33
89,44,51
89,45,15
89,46,50
89,47,20
89,48,38
89,49,2
89,50,24
89,51,5
89,52,32
89,53,56
89,54,30
89,55,60
89,56,44
89,57,2
89,58,6
89,59,36
89,60,53
89,61,62
89,62,0
89,63,19
90,0,31
90,1,36
90,2,5
90,3,57
90,4,5
90,5,49
90,6,20
90,7,25
90,8,24
90,9,34
90,10,31
90,11,52
90,12,20
90,13,11
90,14,3
90,15,7
90,16,63
90,17,25
90,18,9
90,19,51
90,20,33
90,21,35
90,22,40
90,23,60
90,24,18
90,25,49
90,26,23
90,27,61
90,28,16
90,29,53
90,30,16
90,31,12
90,32,63
90,33,17
90,34,45
90,35,44
90,36,42
90,37,24
90,38,36
90,39,34
90,40,38
90,41,12
90,42,29
90,43,43
90,44,26
90,45,4
90,46,33
90,47,28
90,48,24
90,49,45
90,50,36
90,51,55
90,52,30
90,53,10
90,54,51
90,55,12
90,56,53
90,57,1
90,58,19
90,59,1
90,60,63
90,61,13
90,62,3
90,63,37
91,0,0
91,1,63
91,2,24
91,3,3
91,4,56
91,5,63
91,6,33
91,7,42
91,8,21
91,9,37
91,10,8
91,11,38
91,12,24
91,13,57
91,14,46
91,15,57
91,16,10
91,17,60
91,18,41
91,19,14
91,20,3
91,21,52
91,22,7
91,23,9
91,24,45
91,25,4
91,26,25
91,27,54
91,28,35
91,29,6
91,30,57
91,31,3
91,32,19
91,33,56
91,34,58
91,35,9
91,36,33
91,37,15
91,38,37
91,39,15
91,40,47
91,41,42
91,42,9
91,43,18
91,44,31
91,45,44
91,46,28
91,47,27
91,48,2
91,49,63
91,50,15
91,51,59
91,52,53
91,53,41
91,54,63
91,55,4
91,56,19
91,57,59
91,58,13
91,59,59
91,60,37
91,61,40
91,62,21
91,63,60
92,0,32
92,1,33
92,2,31
92,3,54
92,4,61
92,5,20
92,6,35
92,7,7
92,8,54
92,9,7
92,10,23
92,11,2
92,12,48
92,13,30
92,14,4
92,15,2
92,16,21
92,17,1
92,18,38
92,19,39
92,20,14
92,21,13
92,22,62
92,23,58
92,24,38
92,25,8
92,26,10
92,27,62
92,28,16
92,29,16
92,30,13
92,31,37
92,32,50
92,33,12
92,34,29
92,35,10
92,36,9
92,37,31
92,38,27
92,39,11
92,40,38
92,41,56
92,42,44
92,43,4
92,44,35
92,45,23
92,46,28
92,47,27
92,48,63
92,49,53
92,50,10
92,51,48
92,52,24
92,53,24
92,54,0
92,55,45
92,56,10
92,57,39
92,58,27
92,59,46
92,60,63
92,61,54
92,62,55
92,63,57
93,0,53
93,1,11
93,2,44
93,3,18
93,4,15
93,5,7
93,6,32
93,7,14
93,8,51
93,9,8
93,10,53
93,11,35
93,12,0
93,13,24
93,14,4
93,15,22
93,16,5
93,17,24
93,18,61
93,19,22
93,20,14
93,21,31
93,22,3
93,23,26
93,24,61
93,25,29
93,26,41
93,27,45
93,28,60
93,29,21
93,30,30
93,31,20
93,32,0
93,33,24
93,34,45
93,35,56
93,36,10
93,37,24
93,38,46
93,39,30
93,40,10
93,41,16
93,42,13
93,43,62
93,44,46
93,45,53
93,46,40
93,47,59
93,48,4
93,49,32
93,50,47
93,51,27
93,52,18
93,53,39
93,54,24
93,55,19
93,56,5
93,57,16
93,58,3
93,59,28
93,60,30
93,61,35
93,62,1
93,63,14
94,0,63
94,1,15
94,2,44
94,3,37
94,4,43
94,5,40
94,6,29
94,7,28
94,8,29
94,9,8
94,10,50
94,11,7
94,12,2
94,13,44
94,14,3
94,15,61
94,16,5
94,17,51
94,18,33
94,19,26
94,20,2
94,21,47
94,22,48
94,23,5
94,24,53
94,25,20
94,26,56
94,27,15
94,28,43
94,29,12
94,30,58
94,31,55
94,32,31
94,33,6
94,34,34
94,35,9
94,36,39
94,37,31
94,38,21
94,39,52
94,40,8
94,41,55
94,42,6
94,43,19
94,44,36
94,45,48
94,46,38
94,47,35
94,48,49
94,49,3
94,50,51
94,51,2
94,52,27
94,53,27
94,54,8
94,55,51
94,56,7
94,57,28
94,58,17
94,59,60
94,60,52
94,61,42
94,62,39
94,63,16
95,0,63
95,1,27
95,2,59
95,3,50
95,4,36
95,5,62
95,6,57
95,7,17
95,8,48
95,9,46
95,10,29
95,11,48
95,12,47
95,13,18
95,14,7
95,15,47
95,16,46
95,17,58
95,18,29
95,19,27
95,20,35
95,21,9
95,22,41
95,23,13
95,24,55
95,25,47
95,26,25
95,27,27
95,28,38
95,29,55
95,30,58
95,31,26
95,32,39
95,33,11
95,34,27
95,35,6
95,36,32
95,37,1
95,38,9
95,39,52
95,40,41
95,41,16
95,42,9
95,43,53
95,44,10
95,45,53
95,46,37
95,47,62
95,48,42
95,49,3
95,50,37
95,51,20
95,52,17
95,53,33
95,54,36
95,55,18
95,56,48
95,57,34
95,58,52
95,59,5
95,60,57
95,61,36
95,62,44
95,63,49
96,0,27
96,1,5
96,2,45
96,3,16
96,4,23
96,5,10
96,6,52
96,7,41
96,8,42
96,9,58
96,10,44
96,11,25
96,12,8
96,13,27
96,14,37
96,15,18
96,16,48
96,17,31
96,18,16
96,19,8
96,20,2
96,21,5
96,22,8
96,23,34
96,24,25
96,25,16
96,26,34
96,27,18
96,28,32
96,29,20
96,30,15
96,31,55
96,32,55
96,33,59
96,34,35
96,35,42
96,36,7
96,37,17
96,38,30
96,39,33
96,40,46
96,41,40
96,42,16
96,43,49
96,44,29
96,45,36
96,46,13
96,47,48
96,48,24
96,49,2
96,50,4
96,51,56
96,52,59
96,53,35
96,54,36
96,55,16
96,56,30
96,57,38
96,58,14
96,59,31
96,60,32
96,61,43
96,62,0
96,63,18
97,0,3
97,1,13
97,2,15
97,3,21
97,4,36
97,5,0
97,6,57
97,7,57
97,8,43
97,9,32
97,10,1
97,11,12
97,12,23
97,13,46
97,14,63
97,15,16
97,16,55
97,17,10
97,18,0
97,19,21
97,20,10
97,21,27
97,22,10
97,23,38
97,24,11
97,25,16
97,26,30
97,27,2
97,28,48
97,29,16
97,30,57
97,31,45
97,32,27
97,33,5
97,34,13
97,35,29
97,36,46
97,37,50
97,38,62
97,39,39
97,40,25
97,41,22
97,42,55
97,43,49
97,44,44
97,45,17
97,46,1
97,47,42
97,48,28
97,49,35
97,50,52
97,51,4
97,52,57
97,53,19
97,54,9
97,55,36
97,56,35
97,57,29
97,58,44
97,59,23
97,60,16
97,61,4
97,62,53
97,63,16
98,0,44
98,1,32
98,2,61
98,3,41
98,4,33
98,5,52
98,6,50
98,7,21
98,8,29
98,9,12
98,10,13
98,11,36
98,12,10
98,13,16
98,14,19
98,15,54
98,16,54
98,17,43
98,18,34
98,19,12
98,20,27
98,21,12
98,22,23
98,23,52
98,24,40
98,25,27
98,26,13
98,27,20
98,28,4
98,29,32
98,30,11
98,31,43
98,32,15
98,33,7
98,34,45
98,35,34
98,36,35
98,37,23
98,38,44
98,39,46
98,40,21
98,41,63
98,42,19
98,43,59
98,44,55
98,45,0
98,46,9
98,47,24
98,48,44
98,49,34
98,50,5
98,51,43
98,52,51
98,53,36
98,54,60
98,55,17
98,56,55
98,57,6
98,58,33
98,59,3
98,60,62
98,61,56
98,62,42
98,63,35
99,0,60
99,1,25
99,2,26
99,3,44
99,4,37
99,5,39
99,6,39
99,7,59
99,8,4
99,9,9
99,10,49
99,11,24
99,12,7
99,13,25
99,14,37
99,15,23
99,16,62
99,17,38
99,18,16
99,19,16
99,20,52
99,21,57
99,22,56
99,23,36
99,24,63
99,25,28
99,26,45
99,27,61
99,28,2
99,29,49
99,30,22
99,31,21
99,32,7
99,33,44
99,34,44
99,35,25
99,36,9
99,37,2
99,38,31
99,39,3
99,40,19
99,41,23
99,42,39
99,43,10
99,44,8
99,45,39
99,46,39
99,47,26
99,48,57
99,49,33
99,50,62
99,51,20
99,52,54
99,53,13
99,54,21
99,55,44
99,56,11
99,57,56
99,58,4
99,59,5
99,60,34
99,61,38
99,62,43
99,63,40
