split,x,y,true_mean
training,0.05356324964754344,2.507564888203667,2.373081155361228
training,0.061448049985713626,2.5628654621669047,2.4257270864745744
training,0.06180940180633032,1.9721626525191054,2.428118505952505
training,0.06393489709629596,3.0884387879038027,2.4421451276240975
training,0.0854883572776286,2.8261718702432552,2.580070835674282
training,0.09699435360393516,2.952521417871368,2.649998518387245
training,0.10544380250102592,2.859706167258037,2.699463051911141
training,0.1630401439929614,3.114123949184802,2.9848406343615035
training,0.20651574286672092,3.0983230258000103,3.1281197161928085
training,0.21395798011661338,2.748153693966282,3.145634011237557
training,0.21686528342549438,3.2629792926543972,3.151898528280882
training,0.22568167125269778,2.7009142184572927,3.168894635422084
training,0.2348472116055138,3.601121293200783,3.1833489313752477
training,0.23812647372176843,2.8822465289754193,3.187719623424111
training,0.23875301970190743,3.4945288533678833,3.1885065520285387
training,0.253281592746352,3.498275337036559,3.2024127131303577
training,0.2544674154460661,2.8622073007391897,3.2031800070258445
training,0.2550558791833123,3.4478269403525905,3.203540173813295
training,0.27983564708416,3.0292136188373715,3.2063487457685462
training,0.28244720352046404,3.2200100122349213,3.2052477902002634
training,0.2901124679745338,3.492146491289653,3.200497155204262
training,0.2902603281210826,3.644757259839471,3.20038334857603
training,0.31425434963608223,3.4690695532548474,3.171008687810112
training,0.32062451992510677,2.533816108646598,3.1596489595837203
training,0.36068183591552405,2.874985942669999,3.056320860044395
training,0.37482364912634647,3.18740564315745,3.007748772534829
training,0.3995723436422317,3.3311869306857074,2.9096148670030577
training,0.44535166405853766,2.6002574054372976,2.6929394839507155
training,0.481428431565307,1.9994149085548483,2.5015667215688255
training,0.4890806727393182,1.9498969006856024,2.4598188834623764
training,0.5217698289491245,2.546709333940748,2.281058128679189
training,0.5398957786268929,2.525621730258555,2.1838610581410256
training,0.5745155016076976,1.6619151995314683,2.0083363969302237
training,0.577515030351622,2.0262130432092356,1.9939987506207593
training,0.5946238174173646,1.3267210972219812,1.915572152582556
training,0.5981178112862372,1.796944188849262,1.9003174249796309
training,0.6299931480254092,2.2363765501299095,1.7750553629512391
training,0.6419650562522995,1.8577365307480533,1.735247576883229
training,0.6598897994100402,1.9963193297326547,1.6839551286165568
training,0.66779787180893,1.8778050821455605,1.6646810124781397
training,0.6787091753912265,2.313993262138723,1.641623288387962
training,0.6821956504279354,1.5336256622091438,1.6351418422878239
training,0.7035211954896226,1.1770356741213845,1.6051569605915823
training,0.7075840647123003,1.156968972816858,1.6013705916636725
training,0.7222867184817378,1.4097246842796591,1.592951333112024
training,0.7352997461755357,1.5927097493180862,1.5925023581894728
training,0.7466663290244154,1.5357948225743137,1.5975524241756278
training,0.7479167730339068,1.264783976076355,1.5984190821052366
training,0.759999162999232,1.9986024183537598,1.6099722717676312
training,0.7625796992208698,1.4411038032396355,1.6131858402051873
training,0.7680474448421328,1.7759501508176119,1.6208603325252504
training,0.8051294564409727,1.7090595874462156,1.7034986364402982
training,0.8355013556690569,1.7499093410272102,1.8092668622780246
training,0.8427312870373329,1.6452717817468794,1.8391764010923237
training,0.846197328542189,1.9443273607199,1.854129227431513
training,0.851239471904303,1.6105612528532762,1.8765766429191193
training,0.8605039166457846,2.2502618727811328,1.919911962196407
training,0.875462411778927,2.0255764986072524,1.995320571253516
training,0.9041649411133439,2.384342963962562,2.156916780846661
training,0.905557701376033,2.703272843352882,2.165264435252679
training,0.9217608316133499,2.196540938749868,2.2653794114082624
training,0.9848317135213805,2.520371515146556,2.692704427841669
training,0.9953183669433546,2.4370994279824796,2.7668433674317945
training,0.9969384982270785,2.7958255083225527,2.778316001895007
validation,0.0033635103638859354,1.7771215553693285,2.0238227940877196
validation,0.005906858831253636,2.0650363299281675,2.0418308559082856
validation,0.006429218146439486,1.9167041824706377,2.0455283578198538
validation,0.008611902383412917,1.5554097262595796,2.0609732993260863
validation,0.010335964517310892,2.3837498789010647,2.073165911566899
validation,0.011039973469673892,2.4861570589755067,2.0781425633820154
validation,0.012690760701610682,2.348097365905201,2.089806537646155
validation,0.013626607005338243,1.4087442189728279,2.096415216076524
validation,0.015585009281842255,2.0729678976370116,2.110235085500061
validation,0.018365799453298304,2.132230851125413,2.1298324264168125
validation,0.02047845232222023,2.143862547228288,2.1446979243753135
validation,0.028802642077365048,2.518299951278417,2.203028230431056
validation,0.030748972614668357,2.292626325640266,2.216600979467561
validation,0.03108315563711206,2.2821022374155024,2.218928568526716
validation,0.03112105051974623,2.734488009591746,2.219192453030877
validation,0.032167786231034334,2.3495193601665374,2.2264770928620945
validation,0.032729739778795675,2.4496665971610607,2.2303843811957935
validation,0.03314894621561537,2.718354265023958,2.233297486928496
validation,0.03382932013459761,2.2646928816595135,2.2380224090614393
validation,0.03453116764933073,2.3677182282535543,2.2428924161198815
validation,0.034566298779396765,1.8587731987817135,2.2431360760641033
validation,0.0406505759727287,2.566216341386907,2.2851675263288413
validation,0.0414004242592646,2.067899776335426,2.2903231737325567
validation,0.043537796740598766,2.54753285047295,2.3049871928622223
validation,0.04424123435206195,2.1580912481711167,2.309802773613443
validation,0.0460963053513187,2.447056589466988,2.3224762602573006
validation,0.04760764190361677,2.4171232564437206,2.332772806793728
validation,0.04899749937862674,2.1150189897180227,2.3422182960131552
validation,0.04902926024377785,2.625261259571266,2.3424338756072163
validation,0.04950924116857147,2.2590914201747774,2.345690312825072
validation,0.049817099647375906,2.7143077744265387,2.3477775191682557
validation,0.04985001731097205,2.350286564538346,2.3480006249388032
validation,0.05246361381210396,2.676243169290651,2.365672005651214
validation,0.05295253531816546,2.33425431287807,2.3689681977909642
validation,0.05454875826800365,2.231037249510346,2.37970795046947
validation,0.05596721195909826,2.5316041114349077,2.3892232937351583
validation,0.0563847940736103,1.9175319759738176,2.392019356257627
validation,0.05701652333777729,2.4743863080356876,2.3962447688257873
validation,0.058717371744620994,2.479009823692652,2.407593516559402
validation,0.06007039494712574,1.9590606883786632,2.416592076941625
validation,0.06073937940350749,3.072579978433806,2.4210314916085736
validation,0.06265333658615535,2.432180366219258,2.433696028404606
validation,0.06269388090753636,2.936710011715291,2.433963713366788
validation,0.06320407020692032,2.2351297402798638,2.4373299922242166
validation,0.0643475606791658,2.405806531439334,2.4448603719726965
validation,0.06450590741062379,1.8087363273140913,2.4459015607669703
validation,0.06519647391968564,2.9345573870722994,2.450437718474356
validation,0.06892762463141067,2.419011136148151,2.4748151081019594
validation,0.07021053561947554,2.9310004008093657,2.4831442834484863
validation,0.07082400097021901,2.5127289624380746,2.487117371981035
validation,0.07135781813145581,2.374616771944264,2.4905694195763735
validation,0.07192102332737049,2.9548201742466587,2.494206224080517
validation,0.07334377167587225,1.9235513452916382,2.503368941757036
validation,0.07361075401389283,2.443029199478011,2.505084408348418
validation,0.07444283305864596,3.0796317146551684,2.510422770007109
validation,0.07631538177027775,1.9932517802067573,2.522391195615946
validation,0.07653332157864623,2.683342090852364,2.523780040234827
validation,0.07828155571344597,2.6891336866786184,2.534889271413019
validation,0.07916074467390144,2.932218338552923,2.5404546557818706
validation,0.08044093587052781,2.438385559593978,2.548532362520161
validation,0.08417683728824465,2.5345443561814056,2.571924266958387
validation,0.08435924494503821,2.456155324457578,2.573059363114769
validation,0.0861839317461256,2.3748280786019316,2.584377359461079
validation,0.08714367791371969,3.210376479500853,2.590303276215735
validation,0.08776961743402933,2.4569046416639515,2.5941579286744023
validation,0.08796293504282882,2.171205839775099,2.5953467790596503
validation,0.09356627783459226,3.047659373854491,2.6294630697356904
validation,0.0958998420289574,2.761384354572973,2.6434704522573242
validation,0.09634668408104985,2.796915414392952,2.64613883400863
validation,0.09742776899182759,2.3751754321338705,2.652576098302285
validation,0.09750284631461625,2.138167559379916,2.6530221607288924
validation,0.097592943492126,2.465135837915275,2.6535572928024203
validation,0.09859240413036863,2.6951563790932545,2.659481184332932
validation,0.09991882157188492,3.2172727499088176,2.667307586623153
validation,0.10135756170435495,2.613482077274603,2.675750597825277
validation,0.10213353790586321,3.000903354272222,2.6802841523373804
validation,0.10275914098223049,2.4881305552278934,2.683928812839669
validation,0.10353070551987942,2.3179378153138486,2.688411011593946
validation,0.10390187344409008,2.9728259233965453,2.6905621482706605
validation,0.1039374205681195,2.7205723668523407,2.6907679915933724
validation,0.1053449366364062,2.382106224260531,2.69889406574572
validation,0.10866008787892778,2.4541293669404327,2.71784266071346
validation,0.10916346833518209,2.7807469111774763,2.7206960962998354
validation,0.11080923719708757,2.179044875017131,2.729980864796286
validation,0.11098836449417049,2.578144660379092,2.730987306254778
validation,0.11532873707523916,2.3545142497515985,2.7551228095735656
validation,0.1156716052687996,2.824967558159471,2.7570085861632756
validation,0.11644295320928133,2.7088422589193373,2.761239719263693
validation,0.1172872574607351,2.5766684491717418,2.76585305303983
validation,0.11729216873393522,3.312711994189152,2.7658798333402586
validation,0.11791278578501307,3.1647148614149936,2.769258790667656
validation,0.118271310448679,2.6576005525896886,2.7712061086760094
validation,0.11982725773804181,2.2655345384375694,2.7796173071891395
validation,0.12080794389644889,2.9182146009683962,2.7848852055912503
validation,0.12090917551823599,2.562770388238902,2.7854275009520735
validation,0.12419199608375642,2.565934812347469,2.8028614140939774
validation,0.12562454689206715,3.0498810726470102,2.8103757559815117
validation,0.12565066108213507,3.374577381170857,2.8105122038864874
validation,0.12724197140486604,3.0639989545253803,2.818790688920614
validation,0.12790027707159213,2.4154961079899997,2.822194477526793
validation,0.12870191430614164,3.118784758787067,2.8263227310897143
validation,0.128965075338076,2.7342354897789254,2.8276739551711665
validation,0.1297473439444693,2.807522477806876,2.83167887635735
validation,0.1302836117693611,2.295672408555135,2.834414211663436
validation,0.13060419812152468,2.860034137859462,2.836045465288566
validation,0.13062101064536058,3.0495010577036097,2.8361309313272085
validation,0.13127387364795395,3.290902868735532,2.8394434219377804
validation,0.1312823698579415,2.9079916871608287,2.8394864485765767
validation,0.13145912333010623,2.484306917402965,2.840381091400757
validation,0.13315908073800675,3.328704852841077,2.848939039565626
validation,0.13452048701767594,3.014964749679361,2.855731611771383
validation,0.13529839909804797,2.450345871590946,2.859588361292318
validation,0.13629733718091286,2.934477995234328,2.8645145831648535
validation,0.13920305952464707,2.8878303531891922,2.8786742552197904
validation,0.13993939627297258,2.7864497774304753,2.882221982797478
validation,0.14135527372671985,2.1638521931434314,2.8889974035171795
validation,0.14252430213980205,2.802095649688096,2.8945453112838613
validation,0.14358108704716788,2.7894309736133907,2.899524306902686
validation,0.14472254967032805,2.846376757787074,2.904863388410175
validation,0.1448259704607877,3.2602090074281143,2.905345127250602
validation,0.14634007273502292,2.944392907146125,2.91235963229546
validation,0.14699326895475096,2.8807614165678963,2.915363554648764
validation,0.14722368014477982,2.4261252616791853,2.916419966994498
validation,0.15029130654375733,3.0739098007892194,2.9303245265996907
validation,0.15616767878098792,2.865074441602058,2.9561162812608774
validation,0.15682152967764784,3.2421916169991483,2.9589165383018825
validation,0.15682857501665426,3.066633111902324,2.958946634946188
validation,0.15850773551418362,3.119779187294105,2.9660730688269963
validation,0.15942851260779667,2.856804509126549,2.969941270472027
validation,0.16132345321100539,2.986376706627847,2.9778131139395265
validation,0.16212790759218387,2.9406025925029646,2.981118598576411
validation,0.16285591970844804,2.7343212917026385,2.9840912355818734
validation,0.1664861680065518,2.420653518287216,2.9986467281067903
validation,0.1687878051919277,2.9933968501728176,3.007642292247229
validation,0.17419284604066199,3.0350103360734106,3.028046940665625
validation,0.17669876114844674,3.251648449564338,3.0371604141088455
validation,0.17677797920762617,3.9493229499941043,3.037444901162032
validation,0.17775587065301335,2.877379985519316,3.040938394042467
validation,0.17790556005584446,2.7486098606345206,3.041470163926474
validation,0.17829583332292875,3.656295515873611,3.0428528641299044
validation,0.17926705470145332,2.8739299290504308,3.0462702962710053
validation,0.1806335792665078,3.0821778299931326,3.0510217248261515
validation,0.1811554181898628,3.0476550732995675,3.052818548998238
validation,0.18258958994324936,2.9799250994115396,3.0577064498167066
validation,0.1871452758730776,3.1568524639151985,3.0727405353658908
validation,0.18739031255427208,3.179192876455526,3.073527822890829
validation,0.18807594523667936,3.3595020878518214,3.0757190799248635
validation,0.18965009230398833,2.795733145971844,3.080684978646552
validation,0.18974420042674844,3.015013871308004,3.080978982503816
validation,0.1924495970827962,2.529619195377062,3.0892917193333016
validation,0.19292422229409,3.430191655010883,3.0907222601516797
validation,0.19299591240215153,3.442508021022155,3.0909376135408517
validation,0.1958044841075629,3.1061338962551672,3.0992245553815203
validation,0.19597698540330166,3.1440015833058994,3.0997239869942352
validation,0.19630463642431628,3.139823331734657,3.100669562811316
validation,0.19667768809137753,3.172031972891476,3.1017412923476146
validation,0.19853344871489575,3.518736764671604,3.106995467007392
validation,0.20113903691598956,2.9549588671959452,3.1141549373826267
validation,0.20146116288327576,3.450348052550062,3.115022336495105
validation,0.20655507422427977,3.2621573780508224,3.128217834693445
validation,0.21315143220065425,2.709356443438715,3.143838426376175
validation,0.2144701458005549,3.2594894739534945,3.1467612352965104
validation,0.21450161261095935,2.9497971194351558,3.1468301613020966
validation,0.2154689004260456,2.887950402154206,3.148930336920218
validation,0.2158979618238258,2.9264031190847803,3.1498503691785134
validation,0.21640743967964282,3.523517142126457,3.150933614592464
validation,0.2167868291971864,2.925216767283191,3.1517337593328967
validation,0.21789655988532175,3.14273963642679,3.154042295161289
validation,0.21797929201709942,3.4208338932468054,3.154212493020202
validation,0.2211650121941926,2.850205784255279,3.1605645606688424
validation,0.22240564371636562,3.2523783750785022,3.1629317384653137
validation,0.22294480945068074,2.9130222268138923,3.163941836661253
validation,0.22525091773589168,2.996621936867909,3.1681344759395484
validation,0.22598864689876774,3.173136293309704,3.169431943603645
validation,0.2268635397333414,3.0454160109849675,3.170943111078677
validation,0.22728828735081952,3.5140334307401675,3.171665980705055
validation,0.22767342793741652,2.6567254820206814,3.1723153494938727
validation,0.2288086604004056,3.115811151779914,3.1741956734525836
validation,0.2320904024695526,3.348479112182681,3.1793475763743686
validation,0.2322412043167389,2.921243103513402,3.1795741702243934
validation,0.23225285302719745,3.2373540413258155,3.179591636379276
validation,0.2344198526155553,3.171616293163445,3.182748192170355
validation,0.23618222162546,3.0040992227216003,3.1851793171881178
validation,0.23806267946257165,2.5724739645100705,3.187638632206113
validation,0.2406450388740553,3.095511885575797,3.190789045674016
validation,0.24301204033403578,3.040097439416144,3.1934458903472254
validation,0.24325619853759473,2.9499939013630296,3.193707376460519
validation,0.24327559136347676,3.5002044107436325,3.1937280448009187
validation,0.24424545330640146,3.217131943783799,3.1947427737513157
validation,0.24559358058197334,2.6463792216210122,3.1960916219661257
validation,0.24563196117499675,2.7965201094282963,3.196128973150528
validation,0.2468734034166976,3.055315905265287,3.197305766207202
validation,0.24715649410344076,3.4453462995621664,3.1975655976464465
validation,0.2505417225883946,2.8223363212210746,3.2004275853417146
validation,0.2531559875631464,3.572274281748894,3.2023281888903665
validation,0.2532633554223417,3.4813107375508636,3.202400479223292
validation,0.2557399322391156,2.918310384652891,3.203941672078509
validation,0.2565548942727922,3.240113866600539,3.2043959078408353
validation,0.25794833330398814,3.149456256041173,3.205111881507316
validation,0.2583135575211146,3.1182685597641298,3.2052868760714626
validation,0.259061469249372,3.1415270371498294,3.2056288223041425
validation,0.2600635792714294,3.0828789443475184,3.2060524286329155
validation,0.2604037223907302,3.3390020404080984,3.206187217171377
validation,0.2607812533210201,3.788882894476853,3.206331484609379
validation,0.26369654136726706,3.681998445179984,3.207256536155573
validation,0.2649221390919495,3.689929478132706,3.207545595893178
validation,0.2655396590757251,3.0170858855939096,3.2076688689097423
validation,0.26601564962810453,3.3186499426870246,3.2077536633552794
validation,0.26911966433071965,3.3785869188793205,3.2080885094393388
validation,0.269915487848417,2.9302464586721335,3.208113504355855
validation,0.27090241660746006,3.6345369232611304,3.2081100446698834
validation,0.2722311526246558,3.047861162508495,3.208045180088547
validation,0.27426781338967754,2.7800205289770314,3.20781180808377
validation,0.27711753742260103,3.073117162241582,3.207213671227953
validation,0.2784868337833768,3.0154889560098934,3.206813824036873
validation,0.2802789846512165,3.676330456432578,3.206180466476652
validation,0.2825017813267643,2.6987469630266423,3.2052219659440717
validation,0.2825427385554877,3.4000976101607763,3.2052025108235287
validation,0.28454243599806683,3.108094626225644,3.2041738296743785
validation,0.28612936483012263,2.874597694305368,3.2032477502672445
validation,0.2863794397599274,2.7348330135998133,3.203092973800933
validation,0.2881756993297846,3.5391596741643623,3.2019106169534526
validation,0.28901148132225774,3.832583390187965,3.2013182780909193
validation,0.2921449122208133,3.2906000312179042,3.198859669590342
validation,0.2936216682202837,3.433797007787313,3.1975711293420903
validation,0.29419604487138973,3.224539025015421,3.197047559284709
validation,0.2949835844639981,3.5268316917044387,3.1963093238002704
validation,0.30032871354954405,2.946909476249215,3.1906792252503315
validation,0.3017826429154371,3.826887790875749,3.1889618469957393
validation,0.30366282216615326,3.1197679369983042,3.186623772023088
validation,0.30421520774490873,3.4650694300262472,3.185911804828777
validation,0.3045470231651979,3.2642944410113683,3.185478670047138
validation,0.3048399213132835,3.1371381194127705,3.185092934003168
validation,0.30529612713142995,3.191729031461983,3.1844857792947368
validation,0.3060030380940425,3.6080708243178323,3.183529709101076
validation,0.3073587784519175,3.191003498461197,3.18164433100155
validation,0.31009231680162685,3.722379848406085,3.1776366546493
validation,0.3111691275564765,3.0015527462993608,3.1759825403914
validation,0.3116236957967813,3.5893999831782346,3.1752715224217964
validation,0.31196410521363316,3.2490872558707387,3.174734120421881
validation,0.3128197185834304,2.7891479293978443,3.173364689709447
validation,0.3141308956154305,2.731094961941948,3.1712143707580984
validation,0.3145899337465746,3.8209029442017077,3.170446785689039
validation,0.3159058158688113,3.0782058674210555,3.1682040955432873
validation,0.3167372814608447,3.579814882156329,3.1667547296102114
validation,0.3171085505925252,3.033973787698926,3.1660994991743716
validation,0.31726070595247247,2.5123152189050466,3.165829534713528
validation,0.31759047464612933,2.7757697166459927,3.1652415759593557
validation,0.31851361944787016,3.1225605538910632,3.163574870517112
validation,0.3188591135131924,3.271704687388511,3.162943226315252
validation,0.3193004069275036,3.7557448301631835,3.1621302169871375
validation,0.31991275509909944,3.001685156381943,3.1609905225224098
validation,0.32005423400152944,2.8416931934942324,3.1607252976134412
validation,0.32029456968144643,2.6471316775464633,3.1602731112807794
validation,0.32153933284332115,2.7452106179449958,3.1578981613603343
validation,0.3229234865516919,3.1651032547767657,3.1551925776142777
validation,0.3264449642130913,2.3425367750754824,3.148004060844137
validation,0.33025834194949977,3.359600276478267,3.1397302119497463
validation,0.3302821917989712,3.555888938615241,3.1396768766942205
validation,0.33061859798210524,3.350981449913425,3.138922480311181
validation,0.33088636417964123,2.850905496960273,3.138319217647401
validation,0.3308865907503501,2.7238037511880004,3.1383187061485374
validation,0.3316049221291776,3.2354095517892048,3.1366881305318737
validation,0.3328683910950472,2.9122752897316984,3.133777078331868
validation,0.33310111478578397,3.561472933860405,3.1332349096002896
validation,0.33349208409983255,3.2988698811009036,3.1323199100890458
validation,0.3344687368266598,2.727273211208876,3.1300114108976187
validation,0.3347515110409739,3.135590416914727,3.1293369538841675
validation,0.33727552799283456,2.15425424919405,3.1231966700239218
validation,0.33771890064928756,3.5176349200663526,3.122095837579794
validation,0.3392460098185137,3.427258405334531,3.1182537070549636
validation,0.3397569705856195,3.3402058407202455,3.116950724179664
validation,0.3400919547504423,3.5067254055892003,3.1160917644236754
validation,0.34091066920001156,3.463328365477743,3.1139767067801003
validation,0.34249839361107093,3.3988902588832595,3.109811617633246
validation,0.3425220898467719,2.953640936782597,3.1097488237926747
validation,0.34320291199898123,2.9829343907338566,3.1079367736183476
validation,0.34401120807286856,2.9045447727207785,3.1057656470778174
validation,0.344121134832966,3.1889579670107904,3.105468721474341
validation,0.3479513275943158,2.893587736598385,3.0948769065973334
validation,0.3514446592765378,3.463359364673588,3.084804103458012
validation,0.3541388090090869,3.008501459686903,3.0767709297949724
validation,0.3548593637906724,3.146951025318638,3.0745837861019116
validation,0.35610855741972236,2.7990115287884865,3.0707536615682716
validation,0.3568262476684855,3.1722796024077673,3.0685312510209592
validation,0.35706540555346455,2.591617863192927,3.067787131075151
validation,0.35874274520695726,3.0314793990416335,3.062518717618578
validation,0.35876428624809886,2.9159579366990154,3.0624504968345545
validation,0.3599492002491327,2.653571619731097,3.0586760194192317
validation,0.35996513487100146,3.0593415174439413,3.058624968874492
validation,0.3602081519672061,3.1876101630646345,3.057845445938889
validation,0.36185503313983214,2.961354574954093,3.052515594441616
validation,0.3630980827449606,3.116443762165642,3.0484385305865227
validation,0.3649143098775989,3.6596921627392005,3.0423984636767596
validation,0.36549897564893974,3.318270137065879,3.040433250880349
validation,0.365830923693799,2.934000592685384,3.0393129928832665
validation,0.3665344017278539,2.958168744143249,3.0369281678995956
validation,0.3690736224389296,3.195836565249549,3.028199630568846
validation,0.37003524970302193,3.058437253669346,3.0248451955279423
validation,0.3712778668852035,3.006336990569097,3.020471203580926
validation,0.3718641427938235,3.7230529565919053,3.0183921901822757
validation,0.37195332543150006,3.156307846535019,3.018075078466417
validation,0.3761318792656233,3.032448595012113,3.0029656380348984
validation,0.37614102667447713,2.7289526477667185,3.0029320259358876
validation,0.37684964499327545,2.81211372845593,3.000321174527568
validation,0.3776522285742584,3.3075159230299995,2.9973473875407035
validation,0.3779808359722977,2.688287721342165,2.9961247027907323
validation,0.38248255212596083,3.33147081304522,2.9790796356108222
validation,0.38407865964182475,3.8218676402024703,2.9729060450115408
validation,0.3841820533859006,3.4633907269062356,2.97250381106072
validation,0.3846807448374421,3.088425131486545,2.9705598070029624
validation,0.38608631933298665,2.8582342936374596,2.965045638616522
validation,0.3864159445150136,2.6285983172681133,2.9637450681715656
validation,0.38827373457781555,2.637631147822178,2.956362648841898
validation,0.3897406638939207,3.0651831047852696,2.950471192138468
validation,0.39226128259215043,2.459792539946043,2.9402215506849765
validation,0.3927545240575677,3.2000682357405594,2.9381973952461244
validation,0.39858422355080725,2.7586144313599426,2.9138259602983267
validation,0.3989183014857275,3.1624843728495855,2.912404769425403
validation,0.39910246933225546,2.9951305006389135,2.911620188348067
validation,0.39944909809129414,2.983072177827231,2.910141350542466
validation,0.40120565481614967,2.9863372817171867,2.9026043805159354
validation,0.40380034628500816,2.6306127729090583,2.8913418692995068
validation,0.4039621402043402,2.825897680067594,2.8906345472647854
validation,0.40466594226858954,2.6634124550046288,2.887550890225894
validation,0.4059622647025012,2.3673330966604036,2.8818423451117297
validation,0.4077791928056278,2.6804087443843616,2.8737791381424738
validation,0.4079929068627973,2.8727421485819273,2.8728259982089708
validation,0.40814203814540495,2.74960884635319,2.8721603061917595
validation,0.41026998942185466,1.922926378231956,2.8626097037530345
validation,0.41052121959573395,3.011489737513473,2.861475796380197
validation,0.41177464857803825,2.6334705950435975,2.8557987661181743
validation,0.4122865239311021,2.9654558371739035,2.8534709680239914
validation,0.412714066638007,2.8886914497235585,2.851522527375143
validation,0.4129336009697747,3.5315975178250194,2.8505205804810156
validation,0.41339957716858766,3.1047812125098075,2.8483906045733556
validation,0.4148037054466792,2.9623122594135753,2.841945593199303
validation,0.4156782625490394,3.388073860384491,2.8379112337409453
validation,0.41806989379895987,3.5104732509977468,2.8268010629388005
validation,0.41902852608171137,2.711717321969019,2.8223164198680912
validation,0.41925866395944045,2.491908257666614,2.821237158536464
validation,0.4199437816538738,2.540844590509831,2.818018207423324
validation,0.4208661929163571,2.920601747757323,2.813670261339028
validation,0.42133883198725075,2.430457460664862,2.8114361760936775
validation,0.42498675641223593,2.952668843705242,2.7940540456575786
validation,0.42616838155902304,2.9325431885922915,2.788372010894931
validation,0.4281841735763581,2.8939345861749413,2.778622024275436
validation,0.428350612496898,2.1572690318847334,2.7778138408285926
validation,0.42950079930667096,2.975722187822925,2.772215885740162
validation,0.42983850591786443,2.6481818018563796,2.770568002464915
validation,0.42999833520461395,2.7987769460322554,2.7697874243936087
validation,0.4309787549119547,3.31946272143646,2.7649898658129324
validation,0.4311770898085281,2.49985425244387,2.7640173933135515
validation,0.4319204742827705,2.883441440588699,2.7603666657062806
validation,0.432593773062553,2.9692134460592987,2.7570523127450617
validation,0.4337522430466797,2.537965330062457,2.7513324999301014
validation,0.4348467237895973,2.9663487456546034,2.745908940724433
validation,0.43592787671394784,3.07812757990285,2.7405329439267163
validation,0.4361444679595018,2.7307283662448296,2.7394537681867224
validation,0.4363026425251273,2.706604500760471,2.738665199109514
validation,0.4375309496186468,2.8433451846545386,2.732528525189051
validation,0.4383142773716141,2.531469731640142,2.7286030624724393
validation,0.43907186390878417,2.567572806637131,2.7247978854999655
validation,0.4394742561594458,2.6206110679322125,2.7227733169349024
validation,0.4418341336367818,2.505094924305045,2.7108527206436652
validation,0.44512055277593454,2.394509801833448,2.69412159011277
validation,0.4461159138924885,1.9146490668505987,2.6890253994376057
validation,0.4481050326516046,2.4438931455201938,2.6788025383959475
validation,0.44957667368006415,2.7052951366544873,2.6712068932197117
validation,0.4499571606364611,2.3918977867343134,2.669238705343292
validation,0.45009320700242117,3.0209208456214642,2.6685345332572346
validation,0.4508731386157121,3.1238341198915847,2.664493297897471
validation,0.4538393659611484,2.9228491253626974,2.64905803965071
validation,0.45597101352102,3.0511794285325986,2.6379039534228834
validation,0.4567000775533354,2.5693439543879895,2.6340776831058395
validation,0.4570383090198866,2.656040934250817,2.6323006579433126
validation,0.4578210901621883,2.7739576217621567,2.628183421729646
validation,0.45885970765572104,3.157244547856713,2.622710787893076
validation,0.4601281441497266,2.7603857483903536,2.616012463896637
validation,0.46060697647859405,2.484996970087662,2.6134797388917503
validation,0.46108717651786735,2.369338748513182,2.6109375524707876
validation,0.46330013056395636,2.3968792834011263,2.599194076797021
validation,0.46345020849350294,2.9111934783428364,2.598396029396948
validation,0.4639416441202038,3.08165748786734,2.5957813819711952
validation,0.46531171127789606,2.5618933562179067,2.588480821512548
validation,0.4664988027483523,3.178381491777395,2.582142289121412
validation,0.46811574021439917,2.9814563615859635,2.573489952479065
validation,0.47107691134486895,2.7404416422893685,2.5575920234065253
validation,0.4747600038645521,2.2782075026570303,2.5377316646565573
validation,0.4780063211076456,2.0748933565896213,2.52015600961201
validation,0.4794519615201398,2.3967524652314256,2.5123103278512975
validation,0.4806468402018448,2.0643612507825786,2.5058175124208253
validation,0.4812677159295944,2.7748012644760376,2.502441028572207
validation,0.48148057059090876,2.554995734552202,2.5012830551914504
validation,0.4826407756650686,2.2036126367428257,2.494967710873898
validation,0.4842552214782573,2.0653644375686406,2.486170256401627
validation,0.48464898255759403,2.525820096101701,2.4840229882164815
validation,0.4853372463336456,2.4641191169342314,2.4802683235923597
validation,0.4853731833358629,2.8000488487722897,2.480072229587032
validation,0.4854470522037073,2.9595055117177567,2.479669141714706
validation,0.4859153909188131,2.755335877946039,2.477113055953048
validation,0.48707384357571104,2.2879493954582166,2.4707872517122804
validation,0.48762534744604435,2.8056761555928933,2.4677741960511987
validation,0.4920634680372107,2.59652140274138,2.443496810864386
validation,0.4935926005112984,2.1861406668732744,2.4351220845023738
validation,0.4937002221350413,1.7361770924681932,2.4345325139621576
validation,0.4948020901732454,2.142518301746142,2.428495297132541
validation,0.49767101238389566,2.881631144623427,2.412769748419057
validation,0.49800746340923896,2.041814453649144,2.4109251203162247
validation,0.4998236517542317,2.11461210082752,2.4009669498834176
validation,0.5011917617204212,2.4784036235265527,2.393465419621945
validation,0.5015180728871721,2.398473635853538,2.3916762696817835
validation,0.5019454718397683,2.5335527074485475,2.3893329218033807
validation,0.5022126557810619,1.7954757247919284,2.387868046174371
validation,0.502926643825915,2.539458309450777,2.3839537058866345
validation,0.5030079784944367,2.6919376007440574,2.383507821650367
validation,0.5036430750706643,2.4364003046802165,2.3800263431548023
validation,0.503666083820253,2.120728041443625,2.37990022002895
validation,0.5037182477688548,2.3279891595867235,2.3796142836246172
validation,0.5043445706432689,1.838372608776771,2.3761813041848105
validation,0.5047317493220019,1.8090788030598097,2.37405932123933
validation,0.5050018851515584,3.1020598150799525,2.372578910133421
validation,0.5066328808688043,2.1298350298156916,2.3636427481287527
validation,0.5067432969412554,2.2052809877543362,2.363037928822632
validation,0.5067802365316851,2.052564524466338,2.362835591642256
validation,0.5095081430179875,2.6591969196639407,2.3479006201312536
validation,0.5111785949461897,2.811355804164647,2.3387634279305622
validation,0.5126882789889873,2.0754639154637653,2.3305122376305625
validation,0.513907057036021,2.466528469598019,2.3238561840039607
validation,0.5145124707895968,2.06960675840426,2.3205517416924333
validation,0.5151773954033622,2.015382319527339,2.316924000170376
validation,0.5182175409855049,2.19113837674682,2.3003596358199
validation,0.5186550503334485,2.318652381577772,2.2979791147762887
validation,0.5213340270362976,2.8201931231980035,2.2834226431945766
validation,0.5225198702537228,2.108000234350844,2.276991062408832
validation,0.5248766414251953,2.076519547020519,2.2642324372176255
validation,0.5263058698871517,2.331829046917207,2.2565115824954027
validation,0.527534868212503,2.001816779927724,2.249882977277979
validation,0.528744447810029,2.5624164002495196,2.243369127568682
validation,0.5291868675146535,2.522804913240349,2.240989169698664
validation,0.5303967075294528,2.3952795580670156,2.2344881997188133
validation,0.5304255331632455,2.331798620081003,2.2343334397638186
validation,0.5315370986835817,2.1406471143574923,2.228370442396912
validation,0.5368404854128876,2.0945470359323064,2.2000583746377824
validation,0.5384719715323322,2.3189054587434383,2.19139826538406
validation,0.5458737408836647,1.8849462834601023,2.152440224213146
validation,0.5460926246346125,2.0967203558220935,2.1512970471892854
validation,0.5471159694662272,1.9938079270635698,2.1459595705163954
validation,0.5513867580584243,1.2654465864278164,2.12381744660904
validation,0.5514641505655772,2.005685034266978,2.1234182533486146
validation,0.5521986847036171,2.1385388567993115,2.119633256574722
validation,0.5569705235556598,2.3945294131913766,2.095215559286883
validation,0.5587747657622435,1.8430126518770582,2.086063864515954
validation,0.5592735866647669,2.0173641047657,2.0835418124224603
validation,0.5616986947034729,2.095947418770535,2.071331856167902
validation,0.5621888298122516,2.1213530076321945,2.06887467553578
validation,0.5626692196511642,2.2340672727453734,2.0664698556282577
validation,0.5666170375622033,2.2685728127675895,2.0468418765829095
validation,0.5666270444739319,1.7094746103109673,2.0467924355168035
validation,0.5708124435044925,2.0300970078430844,2.026257330233047
validation,0.5747782418761589,2.1963719989218204,2.0070740156629374
validation,0.575137364148644,1.8741807209969914,2.0053505469351625
validation,0.5775331387398532,2.1281176630018135,1.9939126919862598
validation,0.57961962142482,2.028563401899674,1.984037760335061
validation,0.5798117957804106,2.0953399304816265,1.9831323510299241
validation,0.5800332075482412,1.954249099429032,1.982090061755137
validation,0.5806672007595788,1.9018808939221215,1.9791107248986894
validation,0.5823957426687676,1.8414402546606299,1.971027044789452
validation,0.5862009808975349,1.823243165220074,1.9534387765513106
validation,0.5877193482327616,1.8086097379574038,1.9465022970287778
validation,0.5902700079576765,2.0413797655687866,1.934957572371696
validation,0.5907503761649758,0.8760282846254341,1.9327986789147373
validation,0.5940110913672503,1.693051982902942,1.9182753744641574
validation,0.5954107580129337,2.4093588072472967,1.9121125165365993
validation,0.5984028384386478,2.2920422938778566,1.8990851763822627
validation,0.6012785975716616,1.6097541874040264,1.8867572914424242
validation,0.6016803009047254,1.785654175290043,1.885050593427541
validation,0.6045171459706749,2.19553920078899,1.873106700885308
validation,0.6052098530161045,1.565099213055733,1.8702195066032135
validation,0.6055068994149819,1.7708789879729463,1.868984980112069
validation,0.6068539271377661,1.7313813692011482,1.8634137039526437
validation,0.6077935545165222,1.7038656595631505,1.8595537809788412
validation,0.6078220844566811,1.7136396148462294,1.8594369228687522
validation,0.6098905635423553,2.357860283156916,1.8510184239912064
validation,0.610194254465566,2.4038310171456163,1.849791449074977
validation,0.6102245016491431,1.665166148011829,1.849669371309011
validation,0.6112054556492567,2.1268651320310035,1.845722768740481
validation,0.6119559211588302,1.8012899274582774,1.8427199628385216
validation,0.6119634154889878,1.9171381243552204,1.84269004848757
validation,0.6125918679328988,2.2486050542969993,1.8401866302343381
validation,0.6135359058544809,1.573729916205832,1.836445146403267
validation,0.6166336339842119,1.8776878109574326,1.824330555293671
validation,0.6183141464335357,1.8858959959874522,1.8178640924542722
validation,0.6184515742873773,1.710008457330579,1.8173386081163685
validation,0.6223146649940626,2.142401732629632,1.8027756609577228
validation,0.6245357033984269,1.513360827959434,1.7945876029396668
validation,0.6248079031970204,1.8796514131380446,1.7935935198288906
validation,0.627699688785203,2.1528042633258853,1.783160869730783
validation,0.6278386069697817,2.489778764622404,1.7826656386001747
validation,0.6280604543574407,2.0015890236569835,1.78187590918319
validation,0.6285419411016967,2.1826553987117467,1.780166738254664
validation,0.6286879583099331,1.2415303135142008,1.779649715778016
validation,0.630957575106029,1.6620256301720016,1.7716919906436246
validation,0.6314904622916339,1.6115268229012947,1.7698451198189353
validation,0.6357094538845791,1.8711053965817426,1.7555160719980347
validation,0.6360363772883652,1.442832272553729,1.7544276681144018
validation,0.637768937411293,1.6650879838626733,1.748712843815261
validation,0.6391954681078413,2.1651287562068062,1.744075155434103
validation,0.6393035251026715,1.6515853251227082,1.7437263649977182
validation,0.6427700556227379,2.0391920398305823,1.7327258434695358
validation,0.6444967783863166,1.659869567433743,1.7273842675283921
validation,0.6450251904048747,0.8204803536061296,1.725768141380151
validation,0.6458006404484572,1.7563258354295708,1.7234122378098835
validation,0.6477134339556875,1.9037948411549008,1.7176816173981482
validation,0.6488519032598388,1.3632770259720675,1.714325650152173
validation,0.655464176060763,1.5655261051939222,1.695654967932883
validation,0.656461848271217,1.844752793182822,1.692961093616567
validation,0.6568674347156228,1.8165771305380807,1.691875287072627
validation,0.6579657447620697,1.6034993922554113,1.6889621767179932
validation,0.658397251331316,1.7789727885670765,1.6878285690254777
validation,0.6584860684263093,1.8060389159570795,1.6875960031923705
validation,0.6598531779520427,1.7776853592815884,1.6840492817102493
validation,0.6627546751943484,1.3510396386229335,1.6767285804909666
validation,0.6651498030417107,1.6326006446234889,1.6708990665002008
validation,0.6655812847515951,2.5348546286484095,1.6698695637855527
validation,0.6666093802315776,2.0043453146878347,1.6674421271407058
validation,0.6667669147874624,1.9332030776778428,1.6670733611024457
validation,0.6670504566100746,1.7162396536472044,1.6664117689568174
validation,0.6673515645225444,1.3953455467294382,1.6657122032378517
validation,0.6682772966670418,1.056579515236906,1.6635809219035913
validation,0.6682939832310321,1.7916039456737862,1.663542775091977
validation,0.6686995121329518,1.2269705587172568,1.6626186492210606
validation,0.6689047715164566,1.4450634159379214,1.6621530590709632
validation,0.6691963988219184,1.5973413815896413,1.6614940576726278
validation,0.6701486548251269,2.24609749376841,1.6593626557613028
validation,0.6713144411353886,1.4568312533328422,1.6567960595008744
validation,0.6727504399188388,1.7784584305280684,1.653699500458392
validation,0.6729141664425607,2.1781133539963387,1.6533510103116211
validation,0.6732807095412688,1.1206113866782363,1.6525742233763414
validation,0.67332171267612,1.7002541439798846,1.6524876207126757
validation,0.6782570524899435,1.7504412856783442,1.642495574456675
validation,0.6801283780039489,1.5898998710071697,1.6389325010535396
validation,0.6838592229810142,1.7472504693852526,1.6322029458181122
validation,0.6856986721815224,1.644431312173341,1.6290697264430354
validation,0.6872235877885573,1.7318710062607556,1.626565355857116
validation,0.6887189143459405,1.189155834066723,1.6241918785302656
validation,0.6909039321560807,1.5828058928438928,1.6208708768346138
validation,0.6951485048820455,1.3389557202469768,1.6149223737543457
validation,0.696672738217354,1.8725789877000718,1.6129492751957566
validation,0.6967508461237939,1.6271545354490187,1.6128504962202623
validation,0.6968243504881995,2.0497580462920637,1.612757746881687
validation,0.6997693757314599,1.9645747600921992,1.6092077652541525
validation,0.6998936646419065,2.046220890533549,1.609065089579474
validation,0.7003374828841555,1.4853722896790849,1.6085603481660602
validation,0.7003568279790875,1.9046581081609624,1.6085385158324317
validation,0.7029608198457779,1.9240176409995935,1.6057282794754275
validation,0.7037561134646569,1.7169285950358546,1.60492098602613
validation,0.7043394661264459,0.9249366720543116,1.6043440389557062
validation,0.7054760735458594,1.9503002219413716,1.6032569361116291
validation,0.7056004673138814,1.319604723973074,1.6031409343844834
validation,0.7060781614399391,1.5583140431040974,1.6027009261203125
validation,0.7072574294463654,1.6856106456464997,1.6016518183109019
validation,0.7081885092191643,2.3346344897123403,1.600860895093458
validation,0.7091720568696043,1.7828982804070368,1.6000612990908407
validation,0.711891322105282,1.2001654034624103,1.598043043048515
validation,0.7141484929940239,1.486211493230981,1.596583099166598
validation,0.7148744519551661,1.6789471637495084,1.596155183720188
validation,0.7159167061072588,1.8456391119256503,1.5955763292727243
validation,0.7169707875837907,1.5218926198486584,1.595033527694561
validation,0.7183210990195861,1.8377327569427062,1.5944009015009288
validation,0.7199849158074146,1.5407250630927711,1.5937184457260898
validation,0.7204017406010292,1.8652518916898595,1.5935642817344862
validation,0.7227086396256955,1.2174594077921983,1.5928330465306804
validation,0.7235889161188253,1.7916712120481892,1.5926085577033224
validation,0.7238645296905541,1.5541876917076545,1.5925444712875838
validation,0.7252890554438237,2.094338832817598,1.59226041833976
validation,0.7268480345381507,1.3963087762975763,1.5920402655087864
validation,0.7287482555357317,1.9850560356093172,1.5919003162374823
validation,0.7297236960882076,1.2592398661973931,1.591883337631971
validation,0.7302935942739851,0.9674507128536082,1.5918906591691848
validation,0.7309711828047176,1.8238231380337655,1.5919159221309749
validation,0.733047307828171,2.0291081879029074,1.5921054102811405
validation,0.7357981566118273,1.6305909998647876,1.592617131789977
validation,0.7371133627068899,1.5075044200481766,1.592966899690647
validation,0.7419024711223201,1.5644389260242693,1.5948159971265772
validation,0.7425866512184911,1.918698795856107,1.5951539471573117
validation,0.7426685915054457,1.8029083600973201,1.5951956592074157
validation,0.7433546118502523,1.7180563952600179,1.5955552696673287
validation,0.7442177054795726,1.1113139150376539,1.5960340708544545
validation,0.7451225949224037,1.3952761991056488,1.5965676168116247
validation,0.7460624378240055,1.6063679710993088,1.5971559791568035
validation,0.7460832869492218,1.7525203024466498,1.5971694263954253
validation,0.7466934892977187,0.9845856833820581,1.5975705927029544
validation,0.7495187541008188,1.7863746986116646,1.599619574830862
validation,0.7503448641047316,2.060806901749648,1.600278238891658
validation,0.750894247422397,2.1430605547887533,1.6007311829163375
validation,0.751942892954339,1.2534525276720578,1.6016288256555433
validation,0.7533506538735142,1.3383628281319893,1.6029021246695438
validation,0.7594740575087007,1.546306465948912,1.6093504701656882
validation,0.7614166551999839,1.7979505057865919,1.6117050299152385
validation,0.7616727009013265,1.0073063420391812,1.6120264609821355
validation,0.7631452793415602,1.432448533650814,1.6139251879565386
validation,0.7633281535299715,2.0611563223876006,1.6141669407512211
validation,0.765935183318615,1.6678416663687634,1.6177563393521486
validation,0.7668246579660509,1.1837741994238267,1.6190420852186844
validation,0.7668775727597785,1.273913505774835,1.6191195531704863
validation,0.7675783517660842,1.317645584015418,1.6201558684575903
validation,0.7682415918628538,2.2513806727064414,1.621154419859964
validation,0.7700358047102377,1.3504205265139617,1.6239421634795792
validation,0.7720604592933203,1.2120902191611145,1.6272393565562178
validation,0.7721094645057804,1.6643131829974835,1.6273211503708003
validation,0.773377588144036,1.2438650699439115,1.6294703958147758
validation,0.773858101996531,1.4696997436593342,1.6303011929700961
validation,0.7741847623697764,1.2360131168809334,1.6308711276283734
validation,0.7742935300626667,1.5903521709483113,1.631061822203999
validation,0.7744657032259429,1.0380620224838117,1.6313646247062192
validation,0.776046462648958,2.265493747477857,1.6341987471818546
validation,0.777132362495491,1.7209445623510584,1.6362020473939136
validation,0.7787649221582992,1.4208506046917737,1.6393001578565798
validation,0.7792437344212546,1.913277437811663,1.6402284393339277
validation,0.779404611063274,1.9783400417862098,1.6405423310484233
validation,0.7840271649776731,1.6047110276100922,1.6499898085712434
validation,0.7844487882391254,1.3018601048464338,1.6508926133636004
validation,0.7851117229452271,1.6720726287258012,1.652325988169252
validation,0.7871760444021191,2.1082763913272577,1.6568977580414996
validation,0.7894480628613331,1.7374727723590333,1.6621186777529875
validation,0.7916123022157883,1.4173377817959225,1.6672756639304303
validation,0.7920441589315307,1.7201163600599523,1.6683260982284063
validation,0.79206951788043,1.8775762371518852,1.6683880014925694
validation,0.7948949892123277,1.632894074956432,1.675438435776709
validation,0.7949202910562752,1.4440966230350147,1.67550294159004
validation,0.7952706134843565,0.8818370909383397,1.6763985656898261
validation,0.7955357205852113,2.583602757162897,1.6770794220675111
validation,0.7968077022487602,1.7325962564689388,1.6803831664153486
validation,0.7977193348256761,1.491895215128008,1.682788583814823
validation,0.7984021978553008,1.361287483703352,1.684610910617641
validation,0.7988617717151109,2.0309235680131477,1.6858472449593807
validation,0.7993150044896513,1.1465905682264954,1.6870743052385964
validation,0.7994948467999633,1.5901381249530637,1.6875633422740268
validation,0.8003668674981763,1.5866951576740373,1.6899518177606851
validation,0.8009028823129003,1.60711333472264,1.6914341301440285
validation,0.8021486396976694,1.406009853011979,1.6949207588728452
validation,0.8074688115025779,1.9328014858973632,1.7104617683046301
validation,0.8081402853958052,2.110211748748156,1.7124978041547871
validation,0.8117957695396477,1.5976703988327983,1.7238728312631793
validation,0.813231879258497,2.0691637647089465,1.7284755154817035
validation,0.813600737793238,1.9464162793864017,1.7296698245076594
validation,0.8139158098078757,1.6936184729058277,1.7306938993895928
validation,0.8150527226187221,1.5335490094547928,1.7344191643509899
validation,0.8172731614923409,2.1027584581254604,1.7418296600619856
validation,0.8207912698828841,1.6886670791683716,1.7539339822466111
validation,0.8216953267232905,1.7010292091024461,1.7571158794434312
validation,0.8236109114488254,1.955684839515242,1.7639538077958274
validation,0.8259994395900234,1.977833317135782,1.7726614846098818
validation,0.8260743814338479,1.4175822852614086,1.7729379390380267
validation,0.8264515015459334,1.4711413309130479,1.7743320917976129
validation,0.8271870324511005,2.4775807419060274,1.7770655524857446
validation,0.8283267416463654,1.840454918041407,1.7813383704718515
validation,0.8293358175265391,2.1954153137609036,1.7851591648883343
validation,0.8300893614530647,2.0876020371692903,1.7880354396703237
validation,0.830800859476492,2.0417293761139867,1.7907692512236502
validation,0.8325431930275097,1.4740318699460442,1.7975375343974367
validation,0.8331057946702612,1.5882591337236653,1.799745283458872
validation,0.8335720959936767,1.861582684621136,1.801583342274112
validation,0.8357209284532754,2.394256002221562,1.8101493570728417
validation,0.8372766037857552,1.9426129986211733,1.8164485590663992
validation,0.8379481873731508,2.0446559379493627,1.8191931434750175
validation,0.8381374336431592,2.241789388274378,1.8199692816899247
validation,0.8386351704374889,1.7591347462157856,1.822016342024429
validation,0.8408359015176524,1.9365420829623443,1.831166656900384
validation,0.8409565960978042,1.316832653208805,1.8316731541011295
validation,0.8418448286624319,2.5260951756455756,1.8354155027926033
validation,0.8420737233174581,1.8253064937639045,1.836384127751998
validation,0.8426399096536876,2.231114342515205,1.838787523274265
validation,0.8429297686032768,2.076834141801654,1.840022033916777
validation,0.8445308765388371,1.5100401384426292,1.8468909311682657
validation,0.8455294649393297,1.422996150449663,1.851217468489997
validation,0.8502011693676838,1.548239627444945,1.8718875385853866
validation,0.8502940248108125,1.6473998606772846,1.8723054871625404
validation,0.8518724400630657,2.1226898975237543,1.8794520141709468
validation,0.8532785995709915,1.5054011716208804,1.8858850856697107
validation,0.8539287142351164,1.788742670017374,1.8888803593970107
validation,0.8552642226755123,1.7629219554634135,1.8950749779767335
validation,0.8564796142297557,1.8192898271495157,1.9007607497364267
validation,0.8581968652314953,1.4565586384406592,1.9088722029631406
validation,0.8590070644365864,2.2294440249199603,1.9127306701091182
validation,0.8592090737706402,1.9318965666233519,1.9136958421635595
validation,0.8594444252626801,1.781619662964232,1.914821890213439
validation,0.8605386701700203,2.056319994290659,1.9200795050640052
validation,0.8610431124267568,1.6632381839768358,1.922515486812455
validation,0.8613471643257998,1.7944270730264058,1.9239874913431474
validation,0.86206402094638,1.7581105122200857,1.9274690492235511
validation,0.8629625587068473,1.3778210855198123,1.9318548083992115
validation,0.8635323586403151,2.2458784577927013,1.9346485338195978
validation,0.864948252459984,1.9619027466034107,1.941632553458608
validation,0.8651256101662114,2.0018782845696617,1.9425115805190956
validation,0.8670786790388922,2.1109473659620126,1.9522528178703813
validation,0.8672269336707394,1.746913579230726,1.9529968358546208
validation,0.8742056346263763,1.8571030408209765,1.9887372763391595
validation,0.8767474275161604,1.834871614476551,2.002097240280178
validation,0.8780998733762934,1.9686946810507922,2.009278739863869
validation,0.8783001906060084,2.454711010593751,2.010346692903428
validation,0.8783592179030619,2.3444529435258836,2.0106615949193425
validation,0.878645864947489,2.0796229515902813,2.0121921679235704
validation,0.879675771099469,1.3039857691277246,2.01770988467165
validation,0.8815808817772022,2.3258318150927577,2.0279920760175285
validation,0.8816760372951531,2.5312476275680544,2.0285082008057707
validation,0.8821159673025462,2.059805534181697,2.0308975294938727
validation,0.8839188238905956,1.9488778224495118,2.04074281511787
validation,0.8859762297269762,2.183104710272861,2.052082585622798
validation,0.886894316137352,2.462722874838211,2.057178295311823
validation,0.8910867392577417,1.5162543405442253,2.080721426677828
validation,0.891888037332546,2.606925229851252,2.085271589576224
validation,0.8923185208287322,1.7526172396582693,2.0877226677491545
validation,0.8936077885491931,2.3700109573950496,2.0950908159741237
validation,0.8949687677309898,2.948099179567775,2.1029129137891474
validation,0.8957338551047793,1.7070434090185702,2.1073298963352913
validation,0.8982094158610114,2.144872735575218,2.121717767676526
validation,0.8991870117665143,2.189261272825965,2.1274394589010805
validation,0.9013770456464174,2.5821513625718455,2.140338101402235
validation,0.9022421518518282,1.9327191059014361,2.1454637339863374
validation,0.9041944166195708,1.5730717072329146,2.1570929980530917
validation,0.9054270816454271,1.9290808275430733,2.1644797239336464
validation,0.9062558985864052,2.179821800029553,2.169465302084208
validation,0.9068060130319829,1.819974784180498,2.17278272825481
validation,0.907133055356445,2.722664597466168,2.1747580654819076
validation,0.9079948784674121,1.461289733776649,2.1799746050569198
validation,0.9093610818828932,1.8429697300084626,2.188276892668131
validation,0.9108963984578982,1.9493145828020795,2.1976542529041385
validation,0.9121362823041306,2.4627488846427235,2.205263283816259
validation,0.9124884828406433,2.5768836684820147,2.207430522091166
validation,0.914743795064295,1.8210135964085996,2.2213686725068347
validation,0.9170297857841447,1.9367517737984876,2.23560100394736
validation,0.9181766016770465,2.704604896825622,2.242779817155008
validation,0.9193107638476558,2.336347355326474,2.2499045338913146
validation,0.9200486921710831,2.375757632280964,2.254553401137556
validation,0.9217113247917448,2.3953262734599354,2.265065603148721
validation,0.9226118348717092,2.1409416529105827,2.270780772853797
validation,0.9226463430233047,2.656419805945786,2.2710000806482986
validation,0.9232209318428249,2.6566817290317717,2.2746549540679863
validation,0.9264492830937419,2.8465992649998095,2.2953012444173133
validation,0.9282465158211879,1.9832248299201996,2.306875062710816
validation,0.9296308570862762,2.6063250095905777,2.3158278914112307
validation,0.9300721112607296,1.550737736727121,2.3186884077874637
validation,0.9303217883981789,2.9336759381625157,2.320308438306368
validation,0.9316981598381324,2.8449362917944008,2.3292576610653164
validation,0.9423677764624688,2.859214345239485,2.399642346606743
validation,0.9456129255456983,2.542535119632426,2.421378372417297
validation,0.9465125604375948,2.7847717848877735,2.4274291370632586
validation,0.9470456733066276,2.6045880554495073,2.4310197308352617
validation,0.9485814588760824,2.6790067351573885,2.441383833561402
validation,0.9486788992435665,2.9984536115181903,2.4420424068891844
validation,0.9493875574365936,2.3966026208004796,2.44683559735418
validation,0.9500948185587148,2.6333868207022526,2.451625519157761
validation,0.9503298616679413,2.7865376660545422,2.453218699856839
validation,0.9518987094552446,2.273941524249195,2.4638697443566615
validation,0.9520607720724805,2.651971427278048,2.4649716652986196
validation,0.9521323342701423,2.870769027946359,2.4654583399089347
validation,0.9538759245893578,2.632726949065467,2.4773343110401416
validation,0.9549155467655254,2.62074708686937,2.484431804926294
validation,0.9568604224761943,2.36200204112112,2.497741273985013
validation,0.9573809498429293,2.659894399535494,2.5013102811545394
validation,0.9574422700399532,2.958909348039996,2.5017309114146347
validation,0.9598630984017504,2.5481331950209936,2.5183675296293515
validation,0.9602359795376532,2.426538956281437,2.5209352906174103
validation,0.9633325882932786,2.5330364951609043,2.542310642984837
validation,0.9647497540377182,2.738639802059512,2.5521223574464673
validation,0.9661121657375787,2.6112287145292528,2.561571412901216
validation,0.9664350999980634,2.0340974460744263,2.563813428185746
validation,0.9680299853330223,2.4186906222082594,2.574898619322531
validation,0.9691498993436913,2.699087829030435,2.5826945726792414
validation,0.9705878230563746,2.7540806913866467,2.592718194565516
validation,0.9706283312170941,2.5164064251962115,2.593000793510848
validation,0.9706852486782691,2.6915141769187523,2.593397889496002
validation,0.9712056209025564,2.436415928585337,2.5970294501671365
validation,0.9713622610970882,2.8208764840448435,2.5981229850659795
validation,0.9724528292085023,2.2683068646221263,2.605741201158932
validation,0.9745727716183666,1.8708200094984484,2.620573012828322
validation,0.9770832610276367,2.904552410535753,2.6381735372223334
validation,0.9774708832585577,2.365516241088885,2.640894356276914
validation,0.9783528533419807,2.8998375511029164,2.6470882243339515
validation,0.9783922656931421,2.259456619354403,2.647365106436231
validation,0.9784701791562792,2.379932862778936,2.6479124933546245
validation,0.9792921583766365,3.351458283221827,2.6536893170221028
validation,0.980354710246184,2.161981199116804,2.661161980237905
validation,0.9821777049776524,3.1831199689311713,2.6739952692188984
validation,0.9830304648684586,2.295681819703624,2.680003545063094
validation,0.983405830054974,3.3076989087198116,2.6826492266078956
validation,0.9851770448872388,2.0434308954031195,2.69514084952762
validation,0.9857585694732123,3.0627831436650155,2.699244673080125
validation,0.9859968508846528,3.0402121355811227,2.700926574201144
validation,0.988739681733317,3.151252031693029,2.7203000899199994
validation,0.9893578238547986,2.4588018244376406,2.724669311867987
validation,0.9896936839005963,2.95024072661683,2.727043702096534
validation,0.9928217102882001,2.766872941318842,2.749170133770131
validation,0.993243752055436,3.4315982360998745,2.752156992529141
validation,0.9942910316584924,2.5627862396214303,2.759570011218772
validation,0.9943789635638237,2.6794610163347476,2.760192499238049
validation,0.9951118143412762,2.90715946044437,2.76538090364905
validation,0.9988490150482556,2.9298004021795134,2.7918474233381088
