run,eta_times_L,eta,iteration,b,w,mean_bce,gradient_norm
slow,0.1,0.21138066935864372,0,0.0,0.0,0.6931471805599453,0.4651948516482098
slow,0.1,0.21138066935864372,1,-0.010569033467932186,0.0977635595783727,0.6496786808712371,0.41898382225343217
slow,0.1,0.21138066935864372,2,-0.01968151706829499,0.1858586001848424,0.6143913254603486,0.3780441184040658
slow,0.1,0.21138066935864372,3,-0.027532538357953402,0.26538321495327494,0.585624238094278,0.3421278114937905
slow,0.1,0.21138066935864372,4,-0.03430810286698399,0.3373843208690369,0.5620233397210376,0.3107602695409499
slow,0.1,0.21138066935864372,5,-0.04017462865945304,0.40281054645127445,0.5425151775017635,0.28338796194904503
slow,0.1,0.21138066935864372,6,-0.045275470592639026,0.4624957148086127,0.5262611907049436,0.25946371869050044
slow,0.1,0.21138066935864372,7,-0.04973141677409051,0.5171600173919249,0.512610131558265,0.2384880136368142
slow,0.1,0.21138066935864372,8,-0.05364302019866994,0.5674197875592555,0.5010562757317726,0.22002398933334869
slow,0.1,0.21138066935864372,9,-0.057093519922446406,0.6138004324066307,0.4912055213410178,0.2036986250443516
slow,0.1,0.21138066935864372,10,-0.06015172163096724,0.656749642035113,0.48274899463084014,0.18919751636558876
slow,0.1,0.21138066935864372,11,-0.06287456826782356,0.6966495414277751,0.4754429303407858,0.17625733932445226
slow,0.1,0.21138066935864372,12,-0.06530932049802078,0.733827295750818,0.4690934839758246,0.16465803313132574
slow,0.1,0.21138066935864372,13,-0.06749535576459123,0.7685641038704305,0.4635453003237814,0.1542156090572344
slow,0.1,0.21138066935864372,14,-0.06946563042389477,0.8011027051644292,0.45867289801549704,0.14477590938605922
slow,0.1,0.21138066935864372,15,-0.07124785897257506,0.8316535935597437,0.45437415103486395,0.1362093583258489
slow,0.1,0.21138066935864372,16,-0.07286546217614855,0.8604001426189756,0.45056532965145984,0.12840662373806175
slow,0.1,0.21138066935864372,17,-0.07433832926260622,0.8875028294908347,0.4471773034148936,0.12127506552195502
slow,0.1,0.21138066935864372,18,-0.07568343169788176,0.913102720321781,0.44415261370227316,0.11473584137359914
slow,0.1,0.21138066935864372,19,-0.07691531889606983,0.9373243532476144,0.44144320049095703,0.10872155176925885
slow,0.1,0.21138066935864372,20,-0.0780465200625801,0.9602781307799656,0.43900862441996613,0.10317432268940943
slow,0.1,0.21138066935864372,21,-0.07908787131088352,0.9820623124687284,0.43681466631463517,0.09804424179520929
slow,0.1,0.21138066935864372,22,-0.08004878313897909,1.0027646812990463,0.43483221635301106,0.09328807938018958
slow,0.1,0.21138066935864372,23,-0.08093746014633804,1.0224639430629527,0.43303638701965375,0.08886823874907869
slow,0.1,0.21138066935864372,24,-0.0817610823571779,1.041230906471597,0.43140580014825014,0.08475189168134019
slow,0.1,0.21138066935864372,25,-0.08252595554979991,1.0591294825709596,0.4299220103000441,0.08091026354986834
slow,0.1,0.21138066935864372,26,-0.08323763645612257,1.0762175346634697,0.4285690356096641,0.0773180398023433
slow,0.1,0.21138066935864372,27,-0.08390103749525293,1.0925476040549915,0.42733297387877334,0.07395287119186204
slow,0.1,0.21138066935864372,28,-0.08452051476489417,1.10816753224087,0.42620168670509073,0.0707949596484802
slow,0.1,0.21138066935864372,29,-0.08509994227612291,1.1231209963737132,0.4251645382290712,0.06782671025355999
slow,0.1,0.21138066935864372,30,-0.08564277483534662,1.1374479718260884,0.4242121779745903,0.06503243760974174
slow,0.1,0.21138066935864372,31,-0.08615210151718965,1.1511851332202436,0.4233363594808116,0.06239811714748775
slow,0.1,0.21138066935864372,32,-0.08663069130678898,1.1643662033235593,0.42252978813701986,0.05991117369847714
slow,0.1,0.21138066935864372,33,-0.08708103219879917,1.177022257607487,0.4217859929637844,0.057560301094194036
slow,0.1,0.21138066935864372,34,-0.0875053648073309,1.1891819909642434,0.42109921812392015,0.05533530769129964
slow,0.1,0.21138066935864372,35,-0.08790571135370923,1.2008719520103075,0.4204643307636474,0.053226983643646884
slow,0.1,0.21138066935864372,36,-0.08828390074774413,1.21211674953202,0.4198767424294865,0.05122698648090391
slow,0.1,0.21138066935864372,37,-0.08864159035568402,1.2229392349092598,0.41933234181852397,0.0493277421523847
slow,0.1,0.21138066935864372,38,-0.08898028494834,1.2333606637587842,0.41882743702826214,0.047522359180614496
slow,0.1,0.21138066935864372,39,-0.089301353241447,1.243400839545914,0.41835870579978857,0.04580455396502307
slow,0.1,0.21138066935864372,40,-0.08960604237356753,1.2530782415030333,0.4179231525118253,0.0441685855998037
slow,0.1,0.21138066935864372,41,-0.08989549061189936,1.2624101388508029,0.4175180708966605,0.042609198835511675
slow,0.1,0.21138066935864372,42,-0.09017073853096311,1.27141269303093,0.4171410116224122,0.04112157403259613
slow,0.1,0.21138066935864372,43,-0.09043273887152393,1.2801010494180016,0.4167897540276141,0.03970128313566877
slow,0.1,0.21138066935864372,44,-0.09068236525580659,1.288489419774344,0.41646228141007946,0.038344250847022
slow,0.1,0.21138066935864372,45,-0.0909204199089449,1.2965911565396497,0.4161567593673815,0.03704672030241439
slow,0.1,0.21138066935864372,46,-0.09114764051473721,1.304418819900965,0.4158715167650521,0.03580522265601399
slow,0.1,0.21138066935864372,47,-0.09136470631540933,1.311984238464222,0.41560502897384727,0.03461655006832677
slow,0.1,0.21138066935864372,48,-0.0915722435496098,1.3192985642423172,0.4153559030717056,0.03347773166391603
slow,0.1,0.21138066935864372,49,-0.09177083030978346,1.3263723225838262,0.41512286475129434,0.03238601208716748
slow,0.1,0.21138066935864372,50,-0.09196100088898511,1.3332154575884285,0.41490474671194777,0.03133883233624101
slow,0.1,0.21138066935864372,51,-0.09214324967777575,1.3398373734879645,0.4147004783466244,0.030333812599290945
slow,0.1,0.21138066935864372,52,-0.0923180346638168,1.346246972414112,0.41450907656132563,0.029368736854343883
slow,0.1,0.21138066935864372,53,-0.09248578057991969,1.3524526889235609,0.4143296375870619,0.028441539025990815
slow,0.1,0.21138066935864372,54,-0.09264688174043383,1.3584625216081174,0.41416132966364627,0.027550290519164064
slow,0.1,0.21138066935864372,55,-0.09280170460081189,1.3642840620794083,0.4140033864908947,0.02669318897347467
slow,0.1,0.21138066935864372,56,-0.09295059007084912,1.3699245215849685,0.4138551013567036,0.02586854810149356
slow,0.1,0.21138066935864372,57,-0.09309385560834817,1.3753907554837863,0.4137158218633288,0.02507478849147531
slow,0.1,0.21138066935864372,58,-0.0932317971167213,1.3806892857842588,0.41358494518335603,0.02431042926978203
slow,0.1,0.21138066935864372,59,-0.09336469066723518,1.3858263219254938,0.41346191378555863,0.023574080531007787
slow,0.1,0.21138066935864372,60,-0.09349279406416575,1.3908077799635525,0.4133462115783436,0.022864436454841718
slow,0.1,0.21138066935864372,61,-0.09361634826900919,1.395639300307199,0.41323736042495146,0.02218026903828295
slow,0.1,0.21138066935864372,62,-0.09373557869804532,1.4003262641327126,0.4131349169901634,0.021520422380144358
slow,0.1,0.21138066935864372,63,-0.09385069640593328,1.404873808594054,0.41303846988310877,0.020883807462036753
slow,0.1,0.21138066935864372,64,-0.0939618991666051,1.4092868409329349,0.41294763706496707,0.020269397376355667
slow,0.1,0.21138066935864372,65,-0.09406937246148128,1.413570051582931,0.4128620634940107,0.019676222957330774
slow,0.1,0.21138066935864372,66,-0.09417329038394323,1.4177279263525366,0.41278141898361936,0.0191033687760513
slow,0.1,0.21138066935864372,67,-0.09427381646803763,1.4217647577638264,0.4127053962516726,0.01854996946463925
slow,0.1,0.21138066935864372,68,-0.09437110444854208,1.4256846556160683,0.41263370914216313,0.018015206338490977
slow,0.1,0.21138066935864372,69,-0.09446529895877451,1.4294915568370836,0.4125660910019973,0.01749830428880505
slow,0.1,0.21138066935864372,70,-0.09455653617186861,1.433189234679304,0.41250229319782344,0.016998528920530706
slow,0.1,0.21138066935864372,71,-0.09464494439065177,1.4367813073122409,0.4124420837593716,0.01651518391344141
slow,0.1,0.21138066935864372,72,-0.09473064459074321,1.4402712458583873,0.4123852461372343,0.016047608586321163
slow,0.1,0.21138066935864372,73,-0.09481375092102869,1.4436623819153602,0.41233157806429943,0.015595175646270241
slow,0.1,0.21138066935864372,74,-0.09489437116525737,1.4469579146032987,0.41228089051117156,0.015157289106931468
slow,0.1,0.21138066935864372,75,-0.09497260716814089,1.4501609171731242,0.412233006726919,0.014733382361037675
slow,0.1,0.21138066935864372,76,-0.095048555229008,1.4532743432081956,0.412187761357369,0.01432291639409871
slow,0.1,0.21138066935864372,77,-0.09512230646577671,1.456301032449111,0.4121449996339607,0.013925378127319327
slow,0.1,0.21138066935864372,78,-0.09519394715174473,1.4592437162689027,0.41210457662686045,0.013540278878968035
slow,0.1,0.21138066935864372,79,-0.09526355902746524,1.4621050228235994,0.41206635655667245,0.013167152934434889
slow,0.1,0.21138066935864372,80,-0.09533121958976526,1.4648874819010738,0.4120302121596242,0.01280555621611963
slow,0.1,0.21138066935864372,81,-0.09539700235977573,1.4675935294892257,0.4119960241016084,0.012455065045109187
slow,0.1,0.21138066935864372,82,-0.09546097713167274,1.470225512082858,0.4119636804369005,0.012115274987332105
slow,0.1,0.21138066935864372,83,-0.09552321020367725,1.4727856907470611,0.411933076107769,0.011785799777536602
slow,0.1,0.21138066935864372,84,-0.09558376459272291,1.4752762449535173,0.41190411248154823,0.011466270315028575
slow,0.1,0.21138066935864372,85,-0.09564270023407796,1.4776992762048635,0.4118766969220646,0.011156333725641475
slow,0.1,0.21138066935864372,86,-0.09570007416709478,1.4800568114610795,0.41185074239258934,0.010855652484888746
slow,0.1,0.21138066935864372,87,-0.09575594070815997,1.4823508063808084,0.41182616708775066,0.010563903597685458
slow,0.1,0.21138066935864372,88,-0.09581035161182573,1.4845831483895433,0.41180289409206683,0.010280777830418952
slow,0.1,0.21138066935864372,89,-0.09586335622102046,1.4867556595857225,0.41178085106297135,0.010005978991503016
slow,0.1,0.21138066935864372,90,-0.09591500160716131,1.4888700994949615,0.4117599699363922,0.009739223256873358
slow,0.1,0.21138066935864372,91,-0.09596533270092282,1.490928167681904,0.4117401866531084,0.009480238537175391
slow,0.1,0.21138066935864372,92,-0.09601439241435386,1.4929315062284885,0.41172144090427204,0.009228763883658453
slow,0.1,0.21138066935864372,93,-0.09606222175497847,1.4948817020867968,0.4117036758946126,0.008984548930035764
slow,0.1,0.21138066935864372,94,-0.09610885993246487,1.4967802893140738,0.41168683812197326,0.008747353367786054
slow,0.1,0.21138066935864372,95,-0.0961543444583998,1.4986287511969743,0.4116708771719376,0.008516946452574484
slow,0.1,0.21138066935864372,96,-0.09619871123966306,1.5004285222716047,0.4116557455264139,0.008293106539653119
slow,0.1,0.21138066935864372,97,-0.09624199466585749,1.5021809902454752,0.41164139838513336,0.008075620646266919
slow,0.1,0.21138066935864372,98,-0.09628422769121467,1.5038874978270593,0.41162779349910694,0.007864284039244268
slow,0.1,0.21138066935864372,99,-0.09632544191136337,1.505549344468279,0.4116148910151633,0.007658899846089014
slow,0.1,0.21138066935864372,100,-0.09636566763531855,1.5071677880248735,0.41160265333075907,0.007459278688019744
safe,1.0,2.113806693586437,0,0.0,0.0,0.6931471805599453,0.4651948516482098
safe,1.0,2.113806693586437,1,-0.10569033467932186,0.9776355957837269,0.43719150998134726,0.09876794708807404
safe,1.0,2.113806693586437,2,-0.10537480113278669,1.186411705009783,0.42124453388445326,0.055761459073877466
safe,1.0,2.113806693586437,3,-0.1033817723816649,1.3042637993239714,0.41587571036992355,0.035808718153921136
safe,1.0,2.113806693586437,4,-0.10167959062670519,1.3799373656479683,0.41360308354360253,0.02441395354883982
safe,1.0,2.113806693586437,5,-0.10043752564686838,1.431528794869166,0.4125306608711595,0.017222578904282394
safe,1.0,2.113806693586437,6,-0.09957798103005991,1.4679238488891735,0.4119918565292323,0.012413168597215384
safe,1.0,2.113806693586437,7,-0.09900049127690753,1.4941565320606573,0.41171016167482255,0.009075945223870252
safe,1.0,2.113806693586437,8,-0.09862181963431392,1.5133375883294495,0.4115588999447664,0.006702177477182184
safe,1.0,2.113806693586437,9,-0.09837990323581158,1.52750263031918,0.41147615271569293,0.004984345425323298
safe,1.0,2.113806693586437,10,-0.09823035208394836,1.53803751159613,0.4114302819976981,0.00372581558161134
safe,1.0,2.113806693586437,11,-0.09814210847697612,1.5459126711286235,0.41140460795489836,0.0027955236239096673
safe,1.0,2.113806693586437,12,-0.09809377042363278,1.5518216699676004,0.4113901362292247,0.0021033448939713735
safe,1.0,2.113806693586437,13,-0.09807078296128961,1.5562676750570272,0.411381936121733,0.001585829437427769
safe,1.0,2.113806693586437,14,-0.09806338057803342,1.5596198037635522,0.4113772715170822,0.0011975012452187866
safe,1.0,2.113806693586437,15,-0.09806511147232236,1.5621510893194808,0.4113746102884976,0.0009053204976838192
safe,1.0,2.113806693586437,16,-0.09807179282093649,1.5640647501837432,0.41137308866436584,0.0006850329676240132
safe,1.0,2.113806693586437,17,-0.09808077834850137,1.5655127495765584,0.41137221718680983,0.0005186929907009635
safe,1.0,2.113806693586437,18,-0.09809044926154642,1.5666091236403796,0.41137171743644246,0.0003929426814748897
safe,1.0,2.113806693586437,19,-0.09809986347884192,1.567439675157791,0.41137143057899045,0.0002977935389729814
safe,1.0,2.113806693586437,20,-0.09810851618916104,1.5680690936615371,0.4113712658023324,0.00022575052349972863
safe,1.0,2.113806693586437,21,-0.09811617813683911,1.5685462251140077,0.41137117109872745,0.00017117468638767306
safe,1.0,2.113806693586437,22,-0.09812278777017484,1.5689079949370024,0.41137111664575593,0.00012981495453064413
safe,1.0,2.113806693586437,23,-0.09812838041118045,1.5691823416588975,0.4113710853260522,9.846161309097018e-05
safe,1.0,2.113806693586437,24,-0.0981330426375721,1.5693904182506444,0.41137106730742,7.468837095689236e-05
safe,1.0,2.113806693586437,25,-0.0981368836520197,1.5695482482978012,0.4113710569390833,5.6659505431828e-05
safe,1.0,2.113806693586437,26,-0.0981400179516633,1.5696679745204218,0.41137105097202314,4.2985169501804034e-05
safe,1.0,2.113806693586437,27,-0.09814255539760382,1.5697588014218327,0.4113710475375411,3.2612546640933316e-05
safe,1.0,2.113806693586437,28,-0.09814459603414839,1.5698277078315102,0.41137104556056947,2.4743805850989017e-05
safe,1.0,2.113806693586437,29,-0.0981462278764218,1.5698799859914851,0.41137104442249806,1.8774162018946897e-05
safe,1.0,2.113806693586437,30,-0.09814752648441312,1.5699196496880043,0.4113710437673161,1.424505915027399e-05
safe,1.0,2.113806693586437,31,-0.09814855555176107,1.5699497433998282,0.41137104339011515,1.0808751977751886e-05
safe,1.0,2.113806693586437,32,-0.09814936801569975,1.569972576561879,0.4113710431729459,8.201492175347857e-06
safe,1.0,2.113806693586437,33,-0.09815000738107413,1.569989901137026,0.41137104304791006,6.223217956899287e-06
safe,1.0,2.113806693586437,34,-0.09815050907474296,1.5700030462465118,0.4113710429759186,4.722163470421467e-06
safe,1.0,2.113806693586437,35,-0.09815090172701334,1.5700130202613822,0.41137104293446763,3.5831926228230195e-06
safe,1.0,2.113806693586437,36,-0.0981512083279448,1.5700205882298208,0.4113710429106009,2.718953928327507e-06
safe,1.0,2.113806693586437,37,-0.09815144723806224,1.5700263306050843,0.41137104289685855,2.063172987889513e-06
safe,1.0,2.113806693586437,38,-0.09815163305185716,1.5700306877937096,0.4113710428889458,1.5655652720809818e-06
safe,1.0,2.113806693586437,39,-0.09815177732294908,1.5700339939497714,0.41137104288438975,1.1879773761221483e-06
safe,1.0,2.113806693586437,40,-0.09815188916497235,1.5700365026124496,0.41137104288176624,9.014598453350482e-07
safe,1.0,2.113806693586437,41,-0.09815197574418032,1.5700384061563737,0.4113710428802557,6.840465272479117e-07
safe,1.0,2.113806693586437,42,-0.09815204267975858,1.5700398505483792,0.41137104287938586,5.190698307893106e-07
safe,1.0,2.113806693586437,43,-0.09815209436677653,1.5700409465435616,0.4113710428788851,3.9388251141178034e-07
safe,1.0,2.113806693586437,44,-0.09815213423513072,1.5700417781799618,0.4113710428785965,2.988878577005798e-07
safe,1.0,2.113806693586437,45,-0.09815216495607741,1.5700424092237686,0.4113710428784305,2.268038508953116e-07
safe,1.0,2.113806693586437,46,-0.09815218860621809,1.5700428880595714,0.4113710428783349,1.7210483954061588e-07
safe,1.0,2.113806693586437,47,-0.09815220679718863,1.5700432514008456,0.41137104287827986,1.305978981486766e-07
safe,1.0,2.113806693586437,48,-0.09815222077787025,1.5700435271053117,0.41137104287824816,9.91013764513701e-08
safe,1.0,2.113806693586437,49,-0.09815223151469799,1.5700437363111288,0.41137104287822995,7.520098622457619e-08
safe,1.0,2.113806693586437,50,-0.09815223975458781,1.570043895057771,0.4113710428782194,5.706472092640647e-08
safe,1.0,2.113806693586437,51,-0.09815224607412472,1.5700440155159046,0.41137104287821324,4.330241698854287e-08
safe,1.0,2.113806693586437,52,-0.09815225091792741,1.5700441069205897,0.4113710428782098,3.285918804938506e-08
safe,1.0,2.113806693586437,53,-0.09815225462851178,1.570044176279377,0.4113710428782079,2.49345618412101e-08
safe,1.0,2.113806693586437,54,-0.09815225746949577,1.5700442289095984,0.4113710428782067,1.8921120685773726e-08
safe,1.0,2.113806693586437,55,-0.09815225964360098,1.5700442688460556,0.411371042878206,1.435794055664009e-08
safe,1.0,2.113806693586437,56,-0.09815226130659682,1.5700442991503711,0.41137104287820564,1.0895260312149776e-08
safe,1.0,2.113806693586437,57,-0.09815226257808722,1.5700443221457197,0.41137104287820553,8.267671597774384e-09
safe,1.0,2.113806693586437,58,-0.0981522635498448,1.5700443395949413,0.41137104287820525,6.273775260770931e-09
safe,1.0,2.113806693586437,59,-0.0981522642922422,1.5700443528356929,0.4113710428782052,4.76074392253316e-09
safe,1.0,2.113806693586437,60,-0.09815226485921019,1.570044362883001,0.4113710428782052,3.61260758421781e-09
safe,1.0,2.113806693586437,61,-0.09815226529205631,1.570044370507078,0.4113710428782052,2.7413649530787675e-09
safe,1.0,2.113806693586437,62,-0.09815226562240305,1.5700443762923695,0.4113710428782052,2.080237948132904e-09
safe,1.0,2.113806693586437,63,-0.09815226587444686,1.570044380682361,0.4113710428782051,1.5785532948279561e-09
safe,1.0,2.113806693586437,64,-0.09815226606669365,1.5700443840135747,0.4113710428782052,1.1978586583032948e-09
safe,1.0,2.113806693586437,65,-0.09815226621329091,1.5700443865413691,0.4113710428782051,9.089750400533799e-10
safe,1.0,2.113806693586437,66,-0.0981522663250502,1.5700443884595137,0.4113710428782052,6.897606145786843e-10
safe,1.0,2.113806693586437,67,-0.0981522664102302,1.570044389915044,0.4113710428782051,5.234134451531684e-10
safe,1.0,2.113806693586437,68,-0.09815226647513763,1.5700443910195334,0.41137104287820503,3.971836636924305e-10
safe,1.0,2.113806693586437,69,-0.09815226652458683,1.5700443918576454,0.4113710428782052,3.013963494380753e-10
safe,1.0,2.113806693586437,70,-0.09815226656225165,1.5700443924936247,0.4113710428782051,2.2870971388372928e-10
safe,1.0,2.113806693586437,71,-0.09815226659093505,1.5700443929762211,0.4113710428782052,1.7355267533643347e-10
safe,1.0,2.113806693586437,72,-0.09815226661277479,1.5700443933424273,0.4113710428782051,1.3169763810090524e-10
safe,1.0,2.113806693586437,73,-0.0981522666294009,1.5700443936203137,0.4113710428782052,9.993662661454035e-11
safe,1.0,2.113806693586437,74,-0.09815226664205594,1.570044393831181,0.4113710428782052,7.583533448540503e-11
safe,1.0,2.113806693586437,75,-0.09815226665168687,1.5700443939911926,0.4113710428782052,5.754639922679728e-11
safe,1.0,2.113806693586437,76,-0.0981522666590154,1.5700443941126137,0.4113710428782052,4.3668176049841596e-11
safe,1.0,2.113806693586437,77,-0.09815226666459109,1.5700443942047513,0.41137104287820503,3.313690234906804e-11
safe,1.0,2.113806693586437,78,-0.09815226666883262,1.5700443942746678,0.4113710428782052,2.5145421097580537e-11
safe,1.0,2.113806693586437,79,-0.09815226667205887,1.5700443943277222,0.4113710428782051,1.9081205710697647e-11
safe,1.0,2.113806693586437,80,-0.09815226667451259,1.5700443943679816,0.4113710428782051,1.4479435054383461e-11
safe,1.0,2.113806693586437,81,-0.0981522666763786,1.5700443943985314,0.4113710428782051,1.0987497466612018e-11
safe,1.0,2.113806693586437,82,-0.09815226667779743,1.5700443944217135,0.4113710428782051,8.337681981040891e-12
safe,1.0,2.113806693586437,83,-0.09815226667887621,1.5700443944393048,0.4113710428782052,6.3269200420954095e-12
safe,1.0,2.113806693586437,84,-0.0981522666796963,1.5700443944526534,0.4113710428782052,4.801103327530875e-12
safe,1.0,2.113806693586437,85,-0.09815226668031964,1.5700443944627829,0.4113710428782051,3.643233515273296e-12
safe,1.0,2.113806693586437,86,-0.09815226668079349,1.5700443944704694,0.4113710428782051,2.7645987527795803e-12
safe,1.0,2.113806693586437,87,-0.09815226668115364,1.570044394476302,0.4113710428782051,2.097882726932765e-12
safe,1.0,2.113806693586437,88,-0.09815226668142732,1.570044394480728,0.4113710428782052,1.5919658019382142e-12
safe,1.0,2.113806693586437,89,-0.09815226668163526,1.5700443944840867,0.4113710428782051,1.2080311328408867e-12
safe,1.0,2.113806693586437,90,-0.09815226668179333,1.5700443944866354,0.4113710428782051,9.166879766073255e-13
safe,1.0,2.113806693586437,91,-0.09815226668191344,1.5700443944885694,0.4113710428782052,6.956101072924538e-13
safe,1.0,2.113806693586437,92,-0.09815226668200473,1.5700443944900369,0.4113710428782051,5.27873698303669e-13
safe,1.0,2.113806693586437,93,-0.09815226668207405,1.5700443944911506,0.4113710428782051,4.0054924223805517e-13
safe,1.0,2.113806693586437,94,-0.09815226668212672,1.5700443944919957,0.4113710428782051,3.0393636451778653e-13
safe,1.0,2.113806693586437,95,-0.09815226668216671,1.570044394492637,0.4113710428782051,2.3063522182961026e-13
safe,1.0,2.113806693586437,96,-0.09815226668219712,1.5700443944931235,0.4113710428782051,1.7502330469506411e-13
safe,1.0,2.113806693586437,97,-0.0981522666822202,1.5700443944934928,0.4113710428782052,1.3280639047894305e-13
safe,1.0,2.113806693586437,98,-0.09815226668223773,1.570044394493773,0.41137104287820503,1.0078204391028489e-13
safe,1.0,2.113806693586437,99,-0.09815226668225104,1.5700443944939857,0.4113710428782051,7.644951057894064e-14
safe,1.0,2.113806693586437,100,-0.09815226668226114,1.570044394494147,0.4113710428782052,5.80255056937762e-14
aggressive,10.0,21.138066935864373,0,0.0,0.0,0.6931471805599453,0.4651948516482098
aggressive,10.0,21.138066935864373,1,-1.0569033467932187,9.776355957837271,1.214288992812236,0.11539291269376914
aggressive,10.0,21.138066935864373,2,-0.7430725807188754,7.357446181449721,0.9358235481774386,0.11253522263164156
aggressive,10.0,21.138066935864373,3,-0.4616985563609438,4.995368917544761,0.6755318357121507,0.10484379286748367
aggressive,10.0,21.138066935864373,4,-0.224795819609726,2.7918721816037677,0.46749806510094494,0.07482635949972437
aggressive,10.0,21.138066935864373,5,-0.0667153658490032,1.2181070370140126,0.4196457554614511,0.050486749889189296
aggressive,10.0,21.138066935864373,6,-0.17356807963922086,2.2799365429148057,0.433670240495294,0.054945109202111576
aggressive,10.0,21.138066935864373,7,-0.05189361814506749,1.1248941804770538,0.4252204678745798,0.06811852805927268
aggressive,10.0,21.138066935864373,8,-0.22164455081272458,2.5547470989546515,0.45073251652212276,0.06698139269463561
aggressive,10.0,21.138066935864373,9,-0.04055420722836897,1.150518559393784,0.4236503049679265,0.06351615208082899
aggressive,10.0,21.138066935864373,10,-0.2451753367947383,2.477442914944449,0.44595112732093467,0.06418825666279535
aggressive,10.0,21.138066935864373,11,-0.009886451054019585,1.1411839986781787,0.42462082258507855,0.0665289482605498
aggressive,10.0,21.138066935864373,12,-0.3222264962919586,2.5123531037674924,0.4492816164287106,0.06638722360359392
aggressive,10.0,21.138066935864373,13,0.05049175075242801,1.1594579874550057,0.42464317740007324,0.06678328756520845
aggressive,10.0,21.138066935864373,14,-0.46464848519785634,2.473779715432868,0.4503054965843981,0.06801363042523137
aggressive,10.0,21.138066935864373,15,0.18257648988857517,1.190029721774983,0.4273804416971335,0.0743791623348536
aggressive,10.0,21.138066935864373,16,-0.7688635841190135,2.4416983448552427,0.4619679191587266,0.0790194456971756
aggressive,10.0,21.138066935864373,17,0.4618477281400426,1.3124007767323396,0.43904210938152827,0.09631320820922809
aggressive,10.0,21.138066935864373,18,-1.3103875818064867,2.314383407595047,0.5024187133787772,0.11474392934943062
aggressive,10.0,21.138066935864373,19,1.0439689267082797,1.7313866551091979,0.49219731654930643,0.1397784617861337
aggressive,10.0,21.138066935864373,20,-1.8848573843283394,2.12114590130006,0.5835867324815657,0.17681648165394692
aggressive,10.0,21.138066935864373,21,1.8258207149664976,2.568597033240861,0.6140808720451774,0.16695088744160366
aggressive,10.0,21.138066935864373,22,-1.6881346730160762,2.24287802583474,0.5505503609012192,0.1495899853862384
aggressive,10.0,21.138066935864373,23,1.473413604941954,2.1869387340849444,0.5531787762624807,0.1567085379067333
aggressive,10.0,21.138066935864373,24,-1.8379053651232053,2.097910434082206,0.5758918126127706,0.17391789079249553
aggressive,10.0,21.138066935864373,25,1.8133063668182665,2.5265670237364652,0.6113963150411922,0.16805093762235004
aggressive,10.0,21.138066935864373,26,-1.728426182447062,2.2531320501226775,0.5566577269618983,0.15263120842586544
aggressive,10.0,21.138066935864373,27,1.4978154400887103,2.2294281516592616,0.5572297119276032,0.15661059130111085
aggressive,10.0,21.138066935864373,28,-1.8096680651749557,2.0894280387466626,0.5712113491556794,0.17171146834214737
aggressive,10.0,21.138066935864373,29,1.7972112403253508,2.49534674043897,0.6083157651078028,0.16836015797232404
aggressive,10.0,21.138066935864373,30,-1.753391634669012,2.253818980655669,0.560496159445962,0.15484979642678695
aggressive,10.0,21.138066935864373,31,1.519826762247485,2.2605714398491235,0.5609058163411246,0.15693572662465724
aggressive,10.0,21.138066935864373,32,-1.7930872551756025,2.0896951010823486,0.568390346216267,0.16999958344259955
aggressive,10.0,21.138066935864373,33,1.780061368424554,2.4712474350176197,0.605171423869483,0.16822212478435142
aggressive,10.0,21.138066935864373,34,-1.7688887485203224,2.2491876329408873,0.5629135055086327,0.15654344279077578
aggressive,10.0,21.138066935864373,35,1.5399515182285468,2.2842254617068556,0.5642667017338285,0.15748989292744922
aggressive,10.0,21.138066935864373,36,-1.7836846997445794,2.094763931859666,0.5667181639459683,0.16865199652543064
aggressive,10.0,21.138066935864373,37,1.7633250713552708,2.452232894259579,0.6021698656290172,0.16784691743307825
aggressive,10.0,21.138066935864373,38,-1.7783947961643725,2.2419090689698287,0.564424219250191,0.1578690363470469
aggressive,10.0,21.138066935864373,39,1.5580995733897047,2.302597173157321,0.5672953064367442,0.15813882436194351
aggressive,10.0,21.138066935864373,40,-1.7786337244204422,2.102142338367823,0.5657522299909112,0.16757852031258524
aggressive,10.0,21.138066935864373,41,1.7477861316326797,2.4370347965543124,0.5994211533156822,0.16736209439125754
aggressive,10.0,21.138066935864373,42,-1.7840709805369246,2.2336004171649564,0.5653514099305748,0.15892125946969438
aggressive,10.0,21.138066935864373,43,1.574179908920758,2.317076820096652,0.5699783274886985,0.1588006421765869
aggressive,10.0,21.138066935864373,44,-1.776185848271705,2.110332177637226,0.5652190177483531,0.16671588793401576
aggressive,10.0,21.138066935864373,45,1.7338072495341776,2.4247969955274034,0.5969723706607835,0.16684357500880218
aggressive,10.0,21.138066935864373,46,-1.787290905455648,2.2252024689805907,0.5659013944051879,0.15976298130132516
aggressive,10.0,21.138066935864373,47,1.5882065383735775,2.328596548876247,0.5723194898498114,0.15942971930650568
aggressive,10.0,21.138066935864373,48,-1.7752726408457618,2.1184752035085697,0.5649500010949842,0.16601884098514494
aggressive,10.0,21.138066935864373,49,1.7215026096205077,2.414906097113106,0.5948328614349887,0.1663352159233578
aggressive,10.0,21.138066935864373,50,-1.7889414006029043,2.217235905475803,0.5662076956973651,0.16043892918534697
aggressive,10.0,21.138066935864373,51,1.600283243155413,2.337812918859629,0.5743365373727131,0.16000323167086092
aggressive,10.0,21.138066935864373,52,-1.77524353978964,2.1261089249386833,0.5648409693205714,0.16545403497216168
aggressive,10.0,21.138066935864373,53,1.7108447278858725,2.406901953285514,0.5929906895521941,0.16586105726869602
aggressive,10.0,21.138066935864373,54,-1.7896019064436361,2.2099652622139114,0.5663577635237587,0.16098253733182605
aggressive,10.0,21.138066935864373,55,1.6105691523882275,2.3452078802419116,0.5760558560362086,0.16051200149937042
aggressive,10.0,21.138066935864373,56,-1.7757021845549976,2.133009888665419,0.5648270298181073,0.1649960860672796
aggressive,10.0,21.138066935864373,57,1.7017289819080335,2.4004271547000164,0.5914227593173618,0.16543291787777112
aggressive,10.0,21.138066935864373,58,-1.7896538467359158,2.203500781701053,0.5664093841498641,0.1614196750044216
aggressive,10.0,21.138066935864373,59,1.619250110386772,2.35114733477046,0.5775080592681183,0.1609547293661724
aggressive,10.0,21.138066935864373,60,-1.776407134870382,2.139096476935504,0.5648675138641035,0.16462509312084359
aggressive,10.0,21.138066935864373,61,1.694012422685237,2.3951971010536135,0.5901009000726918,0.16505512495642474
aggressive,10.0,21.138066935864373,62,-1.7893486954436557,2.1978611907365186,0.5664009017734235,0.1617708235324836
aggressive,10.0,21.138066935864373,63,1.6265190810346761,2.3559163549919604,0.5787249339143221,0.16133447290352834
aggressive,10.0,21.138066935864373,64,-1.7772121573140784,2.144369296895592,0.5649368742309689,0.1643250960211239
aggressive,10.0,21.138066935864373,65,1.6875371945878521,2.3909814269518486,0.5889954896826697,0.16472749415966384
aggressive,10.0,21.138066935864373,66,-1.788851328102201,2.193012552901869,0.5663577116767271,0.1620524334210975
aggressive,10.0,21.138066935864373,67,1.632563848208928,2.3597411731692772,0.5797374837926663,0.16165652226245236
aggressive,10.0,21.138066935864373,68,-1.77803014244113,2.1488746295027314,0.5650191413549341,0.16408309973027443
aggressive,10.0,21.138066935864373,69,1.6821446343274327,2.3875918659151294,0.58807758179804,0.16444723114908089
aggressive,10.0,21.138066935864373,70,-1.78826830772001,2.1888924917047854,0.5662964799033999,0.1622778264246718
aggressive,10.0,21.138066935864373,71,1.6375598222737013,2.36280351299584,0.5805747543947126,0.16192712654185756
aggressive,10.0,21.138066935864373,72,-1.7788110262250638,2.1526819744177637,0.5651044900763463,0.1638884314479404
aggressive,10.0,21.138066935864373,73,1.677683579494755,2.3848738470658515,0.5873201093935285,0.1642101540458817
aggressive,10.0,21.138066935864373,74,-1.7876667568243871,2.1854253448929195,0.5662279475518324,0.16245783314847584
aggressive,10.0,21.138066935864373,75,1.641666258927563,2.3652503924149615,0.5812631926281377,0.1621527389943322
aggressive,10.0,21.138066935864373,76,-1.7795280573742385,2.1558702984811204,0.5651870711562561,0.16373229282234686
aggressive,10.0,21.138066935864373,77,1.674014983247411,2.382700319917629,0.5866985070803794,0.16401147739020655
aggressive,10.0,21.138066935864373,78,-1.7870871753155144,2.182531582130556,0.5661588302829734,0.16260126873910244
aggressive,10.0,21.138066935864373,79,1.64502471494636,2.3672011695308752,0.5818263671865775,0.16233958148476066
aggressive,10.0,21.138066935864373,80,-1.78016910938229,2.1585197390963513,0.5652636145612735,0.16360742820080035
aggressive,10.0,21.138066935864373,81,1.6710141322226144,2.3809669705191845,0.58619096365611,0.16384630664655295
aggressive,10.0,21.138066935864373,82,-1.7865522504251012,2.1801335220746525,0.5660931228944655,0.16271530318264735
aggressive,10.0,21.138066935864373,83,1.6477589425219736,2.368752842209659,0.582284927533239,0.16249340741872725
aggressive,10.0,21.138066935864373,84,-1.7807311019304903,2.160706772493013,0.5653325144955299,0.16350786490375396
aggressive,10.0,21.138066935864373,85,1.6685713086629514,2.379588364054659,0.5857784407084916,0.1637099389277194
aggressive,10.0,21.138066935864373,86,-1.7860729453933455,2.1781586299740994,0.5660330024000176,0.16280575823512697
aggressive,10.0,21.138066935864373,87,1.649975677395129,2.3699841837733824,0.5826567154455187,0.16261938864236494
aggressive,10.0,21.138066935864373,88,-1.7812163812818105,2.1625015985321876,0.5653932225507937,0.163428701400006
aggressive,10.0,21.138066935864373,89,1.6665914637419867,2.378494753106595,0.5854445475177952,0.16359803353055577
aggressive,10.0,21.138066935864373,90,-1.7856527047643642,2.1765412277716383,0.5659794544527861,0.16287734990911745
aggressive,10.0,21.138066935864373,91,1.6517659463840884,2.3709590572319907,0.5829569680840818,0.16272207933458605
aggressive,10.0,21.138066935864373,92,-1.7816303619240694,2.163966939805259,0.5654458425402344,0.1633659301491656
aggressive,10.0,21.138066935864373,93,1.6649932931164033,2.377629400183653,0.5851753334126907,0.1635066957138831
aggressive,10.0,21.138066935864373,94,-1.7852903404799811,2.1752231717772115,0.5659327063917053,0.16293388841409817
aggressive,10.0,21.138066935864373,95,1.6532066375433978,2.37172911666837,0.5831985695413424,0.16280542667866918
aggressive,10.0,21.138066935864373,96,-1.781979995726003,2.1651577292964386,0.5654908599684466,0.1633162876095841
aggressive,10.0,21.138066935864373,97,1.663707985522754,2.3769463201775767,0.5849590391187748,0.16343250385097702
aggressive,10.0,21.138066935864373,98,-1.7849819891429048,2.1741538749077893,0.5658925240749149,0.16297844363831746
aggressive,10.0,21.138066935864373,99,1.6543621595895106,2.372336029840389,0.5833923210998523,0.16287280863144377
aggressive,10.0,21.138066935864373,100,-1.7822727917956451,2.1661213380326485,0.5655289627031713,0.1632771268079158
