x_raw,p_safe_100
0.0,0.017579892407822727
0.041666666666666664,0.018153813850452515
0.08333333333333333,0.01874611428070372
0.125,0.019357358570184606
0.16666666666666666,0.019988127383548236
0.20833333333333331,0.020639017515114644
0.25,0.021310642225274037
0.29166666666666663,0.022003631576020272
0.3333333333333333,0.02271863276491133
0.375,0.023456310456697063
0.41666666666666663,0.024217347111795618
0.4583333333333333,0.02500244331073893
0.5,0.025812318073642104
0.5416666666666666,0.026647709173683972
0.5833333333333333,0.027509373443515523
0.625,0.028398087073438466
0.6666666666666666,0.029314645900118827
0.7083333333333333,0.030259865684520836
0.75,0.031234582377662367
0.7916666666666666,0.03223965237270624
0.8333333333333333,0.03327595274181323
0.875,0.034344381456088896
0.9166666666666666,0.03544585758686122
0.9583333333333333,0.03658132148642841
1.0,0.03775173494631482
1.0416666666666665,0.03895808133096969
1.0833333333333333,0.040201365684739365
1.125,0.04148261480983515
1.1666666666666665,0.04280287731291125
1.2083333333333333,0.04416322361775759
1.25,0.04556474594150132
1.2916666666666665,0.04700855823160073
1.3333333333333333,0.0484957960608051
1.375,0.050027616477143835
1.4166666666666665,0.05160519780590149
1.4583333333333333,0.05322973940042938
1.5,0.05490246133854218
1.5416666666666665,0.056624604061149914
1.5833333333333333,0.058397427949683244
1.625,0.060222212838781576
1.6666666666666665,0.06210025746063564
1.7083333333333333,0.06403287881730388
1.75,0.06602141147726114
1.7916666666666665,0.06806720679238817
1.8333333333333333,0.07017163203157388
1.875,0.07233606942707815
1.9166666666666665,0.07456191512979828
1.9583333333333333,0.07685057806959224
2.0,0.07920347871684326
2.0416666666666665,0.08162204774150303
2.083333333333333,0.08410772456592773
2.125,0.08666195580792278
2.1666666666666665,0.08928619361054194
2.208333333333333,0.09198189385534787
2.25,0.09475051425603141
2.2916666666666665,0.09759351232951488
2.333333333333333,0.10051234324192672
2.375,0.10350845752713571
2.4166666666666665,0.10658329867587511
2.458333333333333,0.109738300593871
2.5,0.1129748849278161
2.5416666666666665,0.11629445825850444
2.583333333333333,0.11969840916096329
2.625,0.12318810513198555
2.6666666666666665,0.12676488938608407
2.708333333333333,0.13043007752155694
2.75,0.1341849540590667
2.7916666666666665,0.13803076885590318
2.833333333333333,0.14196873339991317
2.875,0.14600001698793913
2.9166666666666665,0.1501257427945159
2.958333333333333,0.15434698383752257
3.0,0.15866475884847167
3.0416666666666665,0.16308002805614344
3.083333333333333,0.16759368889332463
3.125,0.1722065716374902
3.1666666666666665,0.17691943499736498
3.208333333333333,0.18173296165841302
3.25,0.1866477538014156
3.2916666666666665,0.1916643286094113
3.333333333333333,0.19678311377936739
3.375,0.202004443056026
3.4166666666666665,0.20732855180640616
3.458333333333333,0.2127555726544379
3.5,0.218285531196136
3.5416666666666665,0.22391834181658749
3.583333333333333,0.22965380363080723
3.625,0.2354915965711965
3.6666666666666665,0.2414312776449162
3.708333333333333,0.24747227738493424
3.75,0.2536138965188201
3.7916666666666665,0.25985530287952363
3.833333333333333,0.2661955285823806
3.875,0.2726334674924145
3.9166666666666665,0.279167873005658
3.958333333333333,0.2857973561676693
4.0,0.29252038415168385
4.041666666666666,0.29933527911789054
4.083333333333333,0.3062402174741736
4.125,0.3132332295572933
4.166666666666666,0.3203121997519104
4.208333333333333,0.3274748670630786
4.25,0.3347188261558474
4.291666666666666,0.3420415288734509
4.333333333333333,0.3494402862431981
4.375,0.35691227097665906
4.416666666666666,0.3644545204680666
4.458333333333333,0.3720639402920437
4.5,0.3797373081988392
4.541666666666666,0.3874712786022506
4.583333333333333,0.3952623875523313
4.625,0.4031070581818647
4.666666666666666,0.4110016066124741
4.708333333333333,0.4189422483031321
4.75,0.42692510482078455
4.791666666666666,0.43494621100984926
4.833333333333333,0.44300152253449204
4.875,0.4510869237648787
4.916666666666666,0.45919823597607856
4.958333333333333,0.4673312258259582
5.0,0.4754816140763067
5.041666666666666,0.48364508451958993
5.083333333333333,0.49181729307215283
5.125,0.49999387699340603
5.166666666666666,0.508170464189564
5.208333333333333,0.5163426825598378
5.25,0.5245061693426595
5.291666666666666,0.5326565804195144
5.333333333333333,0.5407895995342875
5.375,0.5489009473866837
5.416666666666666,0.5569863905592602
5.458333333333333,0.5650417502388908
5.5,0.5730629106950484
5.541666666666666,0.5810458274791533
5.583333333333333,0.588986535311318
5.625,0.5968811556231595
5.666666666666666,0.6047259037278759
5.708333333333333,0.6125170955914888
5.75,0.6202511541819972
5.791666666666666,0.6279246153761648
5.833333333333333,0.6355341334066957
5.875,0.6430764858356571
5.916666666666666,0.6505485780431364
5.958333333333333,0.6579474472232194
6.0,0.6652702658824642
6.041666666666666,0.6725143448390497
6.083333333333333,0.679677135723708
6.125,0.6867562329863488
6.166666666666666,0.6937493754149723
6.208333333333333,0.7006544471759818
6.25,0.7074694783873655
6.291666666666666,0.7141926452383884
6.333333333333333,0.7208222696714169
6.375,0.727356818643276
6.416666666666666,0.7337949029851117
6.458333333333333,0.7401352758810981
6.5,0.7463768309874758
6.541666666666666,0.7525186002143603
6.583333333333333,0.7585597511934978
6.625,0.7644995844556866
6.666666666666666,0.770337530341936
6.708333333333333,0.7760731456726068
6.75,0.7817061101987652
6.791666666666666,0.7872362228598286
6.833333333333333,0.7926633978712618
6.875,0.7979876606656339
6.916666666666666,0.8032091437097746
6.958333333333333,0.808328082220086
7.0,0.8133448097972795
7.041666666666666,0.8182597540009552
7.083333333333333,0.8230734318834929
7.125,0.8277864455017453
7.166666666666666,0.8323994774239711
7.208333333333333,0.836913286248385
7.25,0.8413287021485952
7.291666666666666,0.8456466224600936
7.333333333333333,0.8498680073208473
7.375,0.8539938753779309
7.416666666666666,0.8580252995710362
7.458333333333333,0.8619634030026271
7.5,0.8658093549034408
7.541666666666666,0.8695643667010261
7.583333333333333,0.8732296881980125
7.625,0.8768066038658635
7.666666666666666,0.8802964292589562
7.708333333333333,0.8837005075529716
7.75,0.887020206210766
7.791666666666666,0.8902569137781311
7.833333333333333,0.8934120368111278
7.875,0.8964869969360182
7.916666666666666,0.8994832280422022
7.958333333333333,0.9024021736079922
8.0,0.9052452841585445
8.041666666666666,0.9080140148547885
8.083333333333332,0.9107098232117677
8.125,0.9133341669444265
8.166666666666666,0.9158885019385264
8.208333333333332,0.9183742803440856
8.25,0.9207929487884613
8.291666666666666,0.9231459467059766
8.333333333333332,0.9254347047808
8.375,0.9276606434996176
8.416666666666666,0.9298251718105212
8.458333333333332,0.9319296858844214
8.5,0.9339755679752265
8.541666666666666,0.9359641853749692
8.583333333333332,0.9378968894600358
8.625,0.9397750148246414
8.666666666666666,0.9415998784976961
8.708333333333332,0.9433727792392389
8.75,0.9450949969126423
8.791666666666666,0.9467677919288501
8.833333333333332,0.948392404758966
8.875,0.9499700555115852
8.916666666666666,0.9515019435713354
8.958333333333332,0.952989247295192
9.0,0.9544331237632084
9.041666666666666,0.9558347085804183
9.083333333333332,0.9571951157267545
9.125,0.9585154374519438
9.166666666666666,0.9597967442124403
9.208333333333332,0.9610400846475698
9.25,0.9622464855921706
9.291666666666666,0.9634169521231216
9.333333333333332,0.9645524676372662
9.375,0.9656539939583421
9.416666666666666,0.9667224714706412
9.458333333333332,0.9677588192772312
9.5,0.9687639353806714
9.541666666666666,0.9697386968842592
9.583333333333332,0.9706839602119531
9.625,0.9716005613451991
9.666666666666666,0.9724893160750018
9.708333333333332,0.9733510202676598
9.75,0.9741864501426837
9.791666666666666,0.9749963625614924
9.833333333333332,0.9757814953255807
9.875,0.9765425674829143
9.916666666666666,0.9772802796414026
9.958333333333332,0.9779953142883575
10.0,0.9786883361149349
