x_raw,x_standardized,y,p_reference,p_safe_100
0.2,-2.4,0,0.020507200586642124,0.02050720058666724
0.7,-2.15,0,0.030068489018153607,0.03006848901818636
1.1,-1.95,0,0.04070925132892568,0.04070925132896559
1.6,-1.7,0,0.05912103427310261,0.059121034273152406
2.1,-1.45,0,0.08512110931765125,0.0851211093177111
2.5,-1.25,0,0.11297488492774929,0.1129748849278161
3.1,-0.95,0,0.1694268912235174,0.16942689122358973
3.6,-0.7,1,0.23197666308671233,0.23197666308678128
4.0,-0.5,0,0.29252038415162473,0.29252038415168385
4.4,-0.2999999999999998,1,0.3614293840351994,0.36142938403524194
4.9,-0.04999999999999982,0,0.4559508715848969,0.4559508715849111
5.3,0.1499999999999999,1,0.5342847131263274,0.5342847131263164
5.7,0.3500000000000001,0,0.6109633150054238,0.6109633150053891
6.2,0.6000000000000001,1,0.6992805751355681,0.6992805751355107
6.7,0.8500000000000001,1,0.7749342261634956,0.774934226163426
7.1,1.0499999999999998,0,0.8249706805739392,0.8249706805738668
7.6,1.2999999999999998,1,0.8746709901521238,0.874670990152055
8.1,1.5499999999999998,1,0.9117680548681703,0.9117680548681095
8.7,1.8499999999999996,1,0.9430222944152574,0.9430222944152087
9.4,2.2,1,0.9662989870255193,0.9662989870254839
