target_mean_bce,angle,b,w,actual_mean_bce
0.42,0.0,0.26450141486365897,1.5700443944946545,0.42000000000000004
0.42,0.04363323129985824,0.26548134528755074,1.5859209808664858,0.41999999999999993
0.42,0.08726646259971647,0.26584683545752374,1.6018901894655033,0.4200000000000001
0.42,0.1308996938995747,0.2655879174275261,1.6179316982056113,0.42000000000000004
0.42,0.17453292519943295,0.26469474561664563,1.6340241126324135,0.41999999999999993
0.42,0.2181661564992912,0.2631577115186756,1.6501448882214462,0.42000000000000004
0.42,0.2617993877991494,0.2609675694678615,1.6662702645770855,0.41999999999999993
0.42,0.30543261909900765,0.25811557234873006,1.6823752126576688,0.41999999999999993
0.42,0.3490658503988659,0.25459361601539765,1.6984333960565714,0.4200000000000001
0.42,0.39269908169872414,0.2503943910740928,1.714417147257163,0.41999999999999993
0.42,0.4363323129985824,0.2455115405859469,1.7302974596545382,0.42000000000000004
0.42,0.4799655442984406,0.23993982216894424,1.746043996002822,0.42000000000000004
0.42,0.5235987755982988,0.23367527292063553,1.7616251138089365,0.42000000000000004
0.42,0.5672320068981571,0.22671537554634527,1.7770079080571686,0.42000000000000004
0.42,0.6108652381980153,0.21905922406025372,1.7921582715193252,0.4199999999999998
0.42,0.6544984694978736,0.21070768742523519,1.807040972787304,0.4199999999999998
0.42,0.6981317007977318,0.20166356950637723,1.8216197520616755,0.42000000000000004
0.42,0.74176493209759,0.19193176372691165,1.8358574346432268,0.42000000000000004
0.42,0.7853981633974483,0.1815194008266209,1.8497160620035684,0.4200000000000001
0.42,0.8290313946973065,0.17043598812457247,1.8631570402527464,0.4199999999999998
0.42,0.8726646259971648,0.15869353867439154,1.8761413057712364,0.42000000000000004
0.42,0.916297857297023,0.14630668866584629,1.888629507722605,0.4199999999999998
0.42,0.9599310885968813,0.13329280136922925,1.9005822071027292,0.4199999999999998
0.42,1.0035643198967394,0.11967205583784835,1.911960091899909,0.41999999999999993
0.42,1.0471975511965976,0.10546751848313016,1.922724207827427,0.41999999999999993
0.42,1.0908307824964558,0.09070519552169093,1.93283620393364,0.41999999999999993
0.42,1.1344640137963142,0.07541406417486013,1.942258592185271,0.4199999999999998
0.42,1.1780972450961724,0.059626080391287056,1.9509550198485008,0.42000000000000004
0.42,1.2217304763960306,0.04337616077872283,1.958890553154717,0.42000000000000004
0.42,1.2653637076958888,0.02670213639016626,1.9660319703314277,0.4199999999999998
0.42,1.3089969389957472,0.00964467603246763,1.972348061606733,0.42000000000000004
0.42,1.3526301702956054,-0.0077528231269932135,1.9778099332658634,0.41999999999999993
0.42,1.3962634015954636,-0.025444379667567893,1.9823913122640835,0.4199999999999998
0.42,1.4398966328953218,-0.0433816084128878,1.9860688473011525,0.41999999999999993
0.42,1.48352986419518,-0.061513938521004195,1.9888224016639187,0.41999999999999993
0.42,1.5271630954950384,-0.07978886974682478,1.990635332577399,0.42000000000000004
0.42,1.5707963267948966,-0.09815226668229299,1.9914947513059125,0.41999999999999993
0.42,1.6144295580947547,-0.1165486898586651,1.9913917578560076,0.42000000000000004
0.42,1.658062789394613,-0.1349217615425224,1.9903216438931914,0.41999999999999993
0.42,1.7016960206944713,-0.15321456289888816,1.9882840574379474,0.42000000000000004
0.42,1.7453292519943295,-0.1713700579688821,1.9852831230908512,0.42000000000000004
0.42,1.7889624832941877,-0.18933153866528213,1.9813275119860392,0.42000000000000004
0.42,1.832595714594046,-0.20704308378700328,1.9764304564071236,0.41999999999999993
0.42,1.876228945893904,-0.22445002396101327,1.9706097050299745,0.42000000000000004
0.42,1.9198621771937625,-0.24149940351015944,1.9638874160726896,0.4199999999999998
0.42,1.9634954084936207,-0.25814042959028993,1.9562899872062969,0.42000000000000004
0.42,2.007128639793479,-0.2743248986063582,1.9478478228601959,0.42000000000000004
0.42,2.050761871093337,-0.29000758995943987,1.938595041474329,0.41999999999999993
0.42,2.0943951023931953,-0.30514661763027906,1.9285691272163095,0.42000000000000004
0.42,2.1380283336930535,-0.3197037309822547,1.9178105325955652,0.4200000000000001
0.42,2.1816615649929116,-0.33364455745149657,1.9063622401598272,0.42000000000000004
0.42,2.2252947962927703,-0.3469387814386487,1.8942692929458702,0.41999999999999993
0.42,2.2689280275926285,-0.3595602556523365,1.8815783044825314,0.41999999999999993
0.42,2.3125612588924866,-0.37148704328098636,1.8683369598346786,0.42000000000000004
0.42,2.356194490192345,-0.38270139157348504,1.8545935193858467,0.41999999999999993
0.42,2.399827721492203,-0.3931896395685024,1.8403963367704912,0.42000000000000004
0.42,2.443460952792061,-0.40294206470862437,1.825793401605147,0.41999999999999993
0.42,2.4870941840919194,-0.41195267480316866,1.8108319164846145,0.41999999999999993
0.42,2.5307274153917776,-0.4202189531790014,1.7955579161858732,0.42000000000000004
0.42,2.574360646691636,-0.42774156582662604,1.7800159352598937,0.41999999999999993
0.42,2.6179938779914944,-0.43452403988503996,1.7642487283010522,0.4200000000000001
0.42,2.6616271092913526,-0.44057242292088405,1.748297045277246,0.41999999999999993
0.42,2.705260340591211,-0.4458949321802482,1.732199462483583,0.42000000000000004
0.42,2.748893571891069,-0.45050160238227344,1.715992268034737,0.4199999999999998
0.42,2.792526803190927,-0.45440393975547266,1.6997093994008263,0.41999999999999993
0.42,2.8361600344907854,-0.45761458896906637,1.6833824293593012,0.42000000000000004
0.42,2.8797932657906435,-0.460147018463567,1.6670405958987518,0.4199999999999998
0.42,2.9234264970905017,-0.46201522851011856,1.6507108710653353,0.4199999999999998
0.42,2.96705972839036,-0.4632334851909692,1.6344180634676568,0.42000000000000004
0.42,3.0106929596902186,-0.4638160824436547,1.618184949116975,0.4199999999999998
0.42,3.0543261909900767,-0.4637771333854187,1.602032425434355,0.42000000000000004
0.42,3.097959422289935,-0.4631303913543029,1.585979683558815,0.42000000000000004
0.42,3.141592653589793,-0.4618891004790556,1.5700443944946545,0.42000000000000004
0.42,3.1852258848896513,-0.46006587512075015,1.5542429050988096,0.4199999999999998
0.42,3.2288591161895095,-0.45767260720593994,1.5385904403918556,0.41999999999999993
0.42,3.2724923474893677,-0.4547204002794212,1.5231013091465164,0.4200000000000001
0.42,3.316125578789226,-0.4512195290252553,1.5077891101387166,0.41999999999999993
0.42,3.359758810089084,-0.4471794230165521,1.4926669368179064,0.41999999999999993
0.42,3.4033920413889427,-0.44260867353516375,1.4777475784507015,0.42000000000000004
0.42,3.447025272688801,-0.4375150624297498,1.4630437160048955,0.42000000000000004
0.42,3.490658503988659,-0.4319056121321293,1.4485681111641489,0.4199999999999998
0.42,3.5342917352885173,-0.42578665610578403,1.4343337868956165,0.4200000000000001
0.42,3.5779249665883754,-0.41916392913572664,1.420354197935551,0.41999999999999993
0.42,3.6215581978882336,-0.4120426769650001,1.4066433894173083,0.41999999999999993
0.42,3.665191429188092,-0.40442778481913,1.3932161416521596,0.4199999999999998
0.42,3.70882466048795,-0.3963239243170408,1.3800880987998834,0.42000000000000004
0.42,3.752457891787808,-0.38773571812608354,1.3672758788529271,0.4200000000000001
0.42,3.796091123087667,-0.3786679214637777,1.354797162030232,0.42000000000000004
0.42,3.839724354387525,-0.36912561916608144,1.3426707543666365,0.42000000000000004
0.42,3.883357585687383,-0.35911443652345154,1.3309166230299716,0.4200000000000001
0.42,3.9269908169872414,-0.3486407614308149,1.3195558997461327,0.4200000000000001
0.42,3.9706240482870996,-0.3377119746154711,1.3086108487135055,0.41999999999999993
0.42,4.014257279586958,-0.32633668382046377,1.2981047955962237,0.41999999999999993
0.42,4.057890510886816,-0.31452495686885257,1.288062014653621,0.42000000000000004
0.42,4.101523742186674,-0.30228854757280144,1.2785075718371268,0.41999999999999993
0.42,4.145156973486532,-0.2896411075548902,1.2694671227979928,0.42000000000000004
0.42,4.1887902047863905,-0.27659837630821404,1.260966666209554,0.4200000000000001
0.42,4.232423436086249,-0.2631783413387705,1.2530322545953523,0.42000000000000004
0.42,4.276056667386107,-0.24940136011327899,1.2456896669111088,0.42000000000000004
0.42,4.319689898685965,-0.23529023587501652,1.2389640493532783,0.4200000000000001
0.42,4.363323129985823,-0.2208702402639915,1.2328795331177098,0.42000000000000004
0.42,4.406956361285682,-0.20616907712347265,1.2274588399315567,0.4199999999999998
0.42,4.4505895925855405,-0.19121678387967322,1.2227228879321639,0.42000000000000004
0.42,4.494222823885399,-0.17604556937308957,1.2186904116689559,0.4200000000000002
0.42,4.537856055185257,-0.16068958986450516,1.2153776104838174,0.41999999999999993
0.42,4.581489286485115,-0.14518466794696694,1.212797839157168,0.41999999999999993
0.42,4.625122517784973,-0.12956796203911888,1.2109613534385184,0.42000000000000004
0.42,4.6687557490848315,-0.11387759677206663,1.20987512094679,0.41999999999999993
0.42,4.71238898038469,-0.09815226668229309,1.2095427050528875,0.4199999999999998
0.42,4.756022211684548,-0.08243082700101587,1.2099642259508776,0.41999999999999993
0.42,4.799655442984406,-0.06675188586697423,1.2111363994489357,0.42000000000000004
0.42,4.843288674284264,-0.05115341194866816,1.2130526503583507,0.42000000000000004
0.42,4.886921905584122,-0.03567237029305488,1.2157032940107693,0.42000000000000004
0.42,4.930555136883981,-0.020344397347068693,1.2190757766324312,0.42000000000000004
0.42,4.974188368183839,-0.005203523710359634,1.2231549632237377,0.41999999999999993
0.42,5.017821599483697,0.009718049510827997,1.227923460327275,0.4199999999999998
0.42,5.061454830783555,0.024390117645659598,1.2333619606274742,0.42000000000000004
0.42,5.105088062083413,0.03878458223629869,1.2394495966467542,0.42000000000000004
0.42,5.148721293383272,0.05287550554456666,1.246164291765012,0.42000000000000004
0.42,5.192354524683131,0.06663911363031155,1.2534830982352332,0.4199999999999998
0.42,5.235987755982989,0.0800537533254077,1.261382513626681,0.4200000000000001
0.42,5.279620987282847,0.09309980942571885,1.2698387690341317,0.41999999999999993
0.42,5.323254218582705,0.10575958896483023,1.2788280843011295,0.42000000000000004
0.42,5.366887449882563,0.11801717957232438,1.2883268873026037,0.42000000000000004
0.42,5.410520681182422,0.12985828872946512,1.2983119959332905,0.42000000000000004
0.42,5.45415391248228,0.14127007029584673,1.3087607628045388,0.41999999999999993
0.42,5.497787143782138,0.1522409440715942,1.3196511837407672,0.41999999999999993
0.42,5.541420375081996,0.16276041345246314,1.3309619719907408,0.42000000000000004
0.42,5.585053606381854,0.17281888549052712,1.3426726006467584,0.41999999999999993
0.42,5.6286868376817125,0.18240749693856498,1.3547633161273722,0.42000000000000004
0.42,5.672320068981571,0.19151794916708473,1.3672151257620861,0.42000000000000004
0.42,5.715953300281429,0.20014235422143187,1.380009762558046,0.4200000000000001
0.42,5.759586531581287,0.208273093745826,1.3931296301649516,0.41999999999999993
0.42,5.803219762881145,0.2159026920454448,1.4065577309186055,0.4200000000000001
0.42,5.8468529941810035,0.22302370418482884,1.4202775796639486,0.41999999999999993
0.42,5.890486225480862,0.22962861972490264,1.4342731058581188,0.41999999999999993
0.42,5.93411945678072,0.23570978247150057,1.4485285462515536,0.41999999999999993
0.42,5.977752688080578,0.24125932643572487,1.463028330253057,0.4200000000000001
0.42,6.021385919380437,0.24626912807762444,1.4777569599127338,0.4200000000000001
0.42,6.065019150680295,0.250730774809408,1.492698886309309,0.4199999999999998
0.42,6.1086523819801535,0.254635549661128,1.5078383840080867,0.41999999999999993
0.42,6.152285613280012,0.25797443195065395,1.5231594251620733,0.4200000000000001
0.42,6.19591884457987,0.2607381137434164,1.5386455547588986,0.42000000000000004
0.42,6.239552075879728,0.26291703182763737,1.5542797684663958,0.4200000000000001
0.42,6.283185307179586,0.26450141486365897,1.5700443944946545,0.42000000000000004
0.45,0.0,0.6689041723929207,1.5700443944946545,0.45
0.45,0.04363323129985824,0.6743406213371886,1.6037721623757046,0.45
0.45,0.08726646259971647,0.6784911587162421,1.637991889818968,0.45
0.45,0.1308996938995747,0.6813052768108531,1.6726619268588634,0.44999999999999984
0.45,0.17453292519943295,0.6827324898618248,1.7077354458973435,0.4499999999999999
0.45,0.2181661564992912,0.6827229609489084,1.7431602646505826,0.44999999999999973
0.45,0.2617993877991494,0.6812281586648858,1.7788787500630558,0.44999999999999984
0.45,0.30543261909900765,0.6782015287447787,1.8148278059344123,0.45
0.45,0.3490658503988659,0.6735991652362726,1.8509389439653319,0.45000000000000007
0.45,0.39269908169872414,0.6673804661360183,1.887138434868538,0.44999999999999984
0.45,0.4363323129985824,0.65950875967893,1.923347533372469,0.45000000000000007
0.45,0.4799655442984406,0.6499518895644216,1.9594827686175096,0.4499999999999999
0.45,0.5235987755982988,0.6386827501525029,1.9954562898125663,0.4499999999999999
0.45,0.5672320068981571,0.6256797658078292,2.0311762562139544,0.44999999999999984
0.45,0.6108652381980153,0.6109273118173452,2.066547260550665,0.45000000000000007
0.45,0.6544984694978736,0.5944160773588341,2.101470775897309,0.45
0.45,0.6981317007977318,0.5761433735925234,2.135845617553701,0.4499999999999999
0.45,0.74176493209759,0.556113391887653,2.169568413531336,0.45000000000000007
0.45,0.7853981633974483,0.5343374183667722,2.2025340795437196,0.4499999999999999
0.45,0.8290313946973065,0.5108340113244317,2.2346362967179276,0.4499999999999999
0.45,0.8726646259971648,0.48562914770637544,2.265767992382079,0.4499999999999999
0.45,0.916297857297023,0.4587563438349951,2.2958218260745253,0.4500000000000002
0.45,0.9599310885968813,0.43025675409024566,2.324690684255508,0.44999999999999984
0.45,1.0035643198967394,0.4001792494736708,2.3522681880277623,0.45
0.45,1.0471975511965976,0.3685804760618856,2.3784492184835457,0.4499999999999999
0.45,1.0908307824964558,0.33552489144159625,2.403130464126294,0.45
0.45,1.1344640137963142,0.30108477542716783,2.426210994222159,0.4499999999999999
0.45,1.1780972450961724,0.2653402097797458,2.4475928609898916,0.44999999999999984
0.45,1.2217304763960306,0.2283790203292391,2.467181732304295,0.45
0.45,1.2653637076958888,0.19029667388027546,2.4848875551300713,0.45
0.45,1.3089969389957472,0.1511961215782926,2.500625248268571,0.45
0.45,1.3526301702956054,0.11118758003316631,2.514315421229388,0.4499999999999999
0.45,1.3962634015954636,0.07038824145543754,2.525885114165296,0.45000000000000007
0.45,1.4398966328953218,0.028921904367338602,2.5352685518660323,0.45
0.45,1.48352986419518,-0.013081482876354716,2.5424079028334297,0.45
0.45,1.5271630954950384,-0.05548637246736456,2.5472540325075426,0.45
0.45,1.5707963267948966,-0.09815226668229296,2.5497672378442977,0.45
0.45,1.6144295580947547,-0.14093446999152942,2.549917948734725,0.45000000000000007
0.45,1.658062789394613,-0.18368494491469922,2.547687380286316,0.45000000000000007
0.45,1.7016960206944713,-0.22625327020434538,2.5430681188415027,0.4499999999999999
0.45,1.7453292519943295,-0.26848769702996755,2.53606462386218,0.4499999999999999
0.45,1.7889624832941877,-0.3102362956669309,2.526693627526571,0.44999999999999984
0.45,1.832595714594046,-0.35134818183517025,2.5149844141140916,0.45
0.45,1.876228945893904,-0.39167480835210267,2.5009789620310627,0.45
0.45,1.9198621771937625,-0.43107130423799733,2.4847319326855173,0.45000000000000007
0.45,1.9634954084936207,-0.4693978399232577,2.4663104923839656,0.45
0.45,2.007128639793479,-0.5065209938558566,2.4457939560380417,0.4499999999999999
0.45,2.050761871093337,-0.5423150927238154,2.4232732447854226,0.4499999999999999
0.45,2.0943951023931953,-0.5766634948660884,2.398850153701173,0.45
0.45,2.1380283336930535,-0.6094597844719386,2.372636430640806,0.44999999999999984
0.45,2.1816615649929116,-0.6406088431398084,2.344752672906607,0.45000000000000007
0.45,2.2252947962927703,-0.6700277655892912,2.3153270547764775,0.45000000000000007
0.45,2.2689280275926285,-0.6976465880953588,2.2844939057785036,0.45
0.45,2.3125612588924866,-0.723408801784707,2.252392166601036,0.45000000000000007
0.45,2.356194490192345,-0.7472716284224046,2.2191637562347664,0.4499999999999999
0.45,2.399827721492203,-0.7692060436671755,2.1849518897880382,0.45
0.45,2.443460952792061,-0.7891965417143464,2.1498993908012216,0.4499999999999999
0.45,2.4870941840919194,-0.8072406452825287,2.114147044256858,0.4499999999999999
0.45,2.5307274153917776,-0.8233481753483685,2.077832036421481,0.45
0.45,2.574360646691636,-0.8375403050898844,2.04108652496092,0.4499999999999999
0.45,2.6179938779914944,-0.8498484313399022,2.0040363775085344,0.44999999999999984
0.45,2.6616271092913526,-0.8603129037454963,1.966800109377286,0.45000000000000007
0.45,2.705260340591211,-0.8689816562377344,1.9294880419752996,0.44999999999999984
0.45,2.748893571891069,-0.8759087870611396,1.8922016934596793,0.4499999999999999
0.45,2.792526803190927,-0.8811531325063937,1.8550334030592919,0.45000000000000007
0.45,2.8361600344907854,-0.884776875918212,1.8180661810891436,0.44999999999999984
0.45,2.8797932657906435,-0.8868442280121273,1.781373768609902,0.4499999999999999
0.45,2.9234264970905017,-0.8874202076620971,1.7450208844050603,0.45000000000000007
0.45,2.96705972839036,-0.8865695447910865,1.7090636326819646,0.4499999999999999
0.45,3.0106929596902186,-0.8843557194443966,1.6735500426626195,0.44999999999999984
0.45,3.0543261909900767,-0.8808401440852828,1.6385207108465842,0.45
0.45,3.097959422289935,-0.8760814900185397,1.6040095179016016,0.45000000000000007
0.45,3.141592653589793,-0.8701351538639487,1.5700443944946545,0.44999999999999984
0.45,3.1852258848896513,-0.8630528562689247,1.5366481135220256,0.44999999999999984
0.45,3.2288591161895095,-0.8548823625510578,1.503839089757252,0.4499999999999999
0.45,3.2724923474893677,-0.8456673135906148,1.4716321715850147,0.44999999999999984
0.45,3.316125578789226,-0.8354471548878497,1.4400394129655838,0.44999999999999984
0.45,3.359758810089084,-0.8242571520692696,1.4090708168853985,0.45
0.45,3.4033920413889427,-0.8121284820733452,1.3787350441655928,0.45
0.45,3.447025272688801,-0.7990883905808615,1.3490400835479068,0.4499999999999999
0.45,3.490658503988659,-0.7851604078074795,1.3199938804265323,0.44999999999999973
0.45,3.5342917352885173,-0.7703646163960589,1.2916049224485269,0.45
0.45,3.5779249665883754,-0.7547179667043156,1.263882780492488,0.44999999999999973
0.45,3.6215581978882336,-0.7382346361669962,1.2368386033018297,0.45000000000000007
0.45,3.665191429188092,-0.7209264305213571,1.210485563357827,0.4500000000000002
0.45,3.70882466048795,-0.7028032254309203,1.184839250507166,0.4499999999999999
0.45,3.752457891787808,-0.683873447342165,1.1599180085075211,0.44999999999999973
0.45,3.796091123087667,-0.6641445921885202,1.135743208144754,0.45
0.45,3.839724354387525,-0.6436237797537054,1.1123394490587195,0.44999999999999984
0.45,3.883357585687383,-0.622318340081989,1.0897346810762083,0.45000000000000007
0.45,3.9269908169872414,-0.6002364262697304,1.0679602349072173,0.45
0.45,3.9706240482870996,-0.5773876453345463,1.0470507517582994,0.4500000000000002
0.45,4.014257279586958,-0.5537836957466522,1.0270440020083709,0.45
0.45,4.057890510886816,-0.5294389968162723,1.0079805848143353,0.44999999999999984
0.45,4.101523742186674,-0.5043712917471428,0.9899035035475646,0.44999999999999984
0.45,4.145156973486532,-0.4786022031626309,0.9728576163862033,0.45
0.45,4.1887902047863905,-0.4521577177257199,0.9568889671311032,0.4499999999999999
0.45,4.232423436086249,-0.4250685755656787,0.9420440081142865,0.45000000000000007
0.45,4.276056667386107,-0.39737054100767677,0.9283687344609424,0.4499999999999996
0.45,4.319689898685965,-0.36910453387065434,0.9159077562927751,0.4499999999999999
0.45,4.363323129985823,-0.34031660544873044,0.9047033419367095,0.44999999999999973
0.45,4.406956361285682,-0.31105775006206177,0.8947944700127521,0.45000000000000007
0.45,4.4505895925855405,-0.2813835513169113,0.8862159307021441,0.44999999999999984
0.45,4.494222823885399,-0.2513536712690324,0.8789975160522775,0.4500000000000003
0.45,4.537856055185257,-0.22103119969217805,0.8731633357016709,0.44999999999999973
0.45,4.581489286485115,-0.19048188872639227,0.8687312881268292,0.4500000000000003
0.45,4.625122517784973,-0.15977330452509741,0.8657127090009646,0.4499999999999999
0.45,4.6687557490848315,-0.12897393155869435,0.8641122083532436,0.44999999999999984
0.45,4.71238898038469,-0.09815226668229314,0.8639276978970485,0.45000000000000007
0.45,4.756022211684548,-0.06737593896869706,0.8651506001007635,0.45000000000000007
0.45,4.799655442984406,-0.03671088795559891,0.8677662220947704,0.4500000000000002
0.45,4.843288674284264,-0.006220627869076359,0.8717542708895992,0.45
0.45,4.886921905584122,0.024034380823514404,0.8770894818949297,0.4499999999999999
0.45,4.930555136883981,0.053997237889355426,0.8837423303953494,0.44999999999999984
0.45,4.974188368183839,0.08361497985305186,0.8916797952728481,0.44999999999999984
0.45,5.017821599483697,0.1128388247531513,0.9008661455530568,0.45
0.45,5.061454830783555,0.14162428868378546,0.9112637229117416,0.4500000000000003
0.45,5.105088062083413,0.1699311820493474,0.9228336967189747,0.44999999999999984
0.45,5.148721293383272,0.1977234967722439,0.9355367721553498,0.45
0.45,5.192354524683131,0.2249691979527931,0.9493338360899087,0.45
0.45,5.235987755982989,0.25163993476228175,0.9641865295012836,0.4499999999999999
0.45,5.279620987282847,0.2777106857751226,0.9800577390494524,0.4499999999999999
0.45,5.323254218582705,0.3031593536617516,0.9969120038178588,0.4499999999999999
0.45,5.366887449882563,0.3279663233311927,1.0147158361497608,0.4499999999999999
0.45,5.410520681182422,0.35211399639351837,1.0334379578500865,0.44999999999999984
0.45,5.45415391248228,0.3755863133625341,1.0530494548072489,0.45000000000000007
0.45,5.497787143782138,0.39836827347718684,1.0735238543351744,0.4500000000000002
0.45,5.541420375081996,0.42044546050569653,1.0948371302977162,0.44999999999999984
0.45,5.585053606381854,0.4418035815042425,1.1169676414293168,0.45
0.45,5.6286868376817125,0.46242802430294794,1.1398960082925802,0.4499999999999999
0.45,5.672320068981571,0.48230343853164437,1.163604934107022,0.4499999999999999
0.45,5.715953300281429,0.501413344299195,1.1880789743354736,0.45000000000000007
0.45,5.759586531581287,0.5197397722050642,1.2133042595129115,0.44999999999999984
0.45,5.803219762881145,0.5372629381733204,1.2392681754272337,0.45000000000000007
0.45,5.8468529941810035,0.5539609566241492,1.2659590044827191,0.44999999999999984
0.45,5.890486225480862,0.5698095956885243,1.2933655319526707,0.45
0.45,5.93411945678072,0.5847820784666756,1.3214766209023483,0.4500000000000002
0.45,5.977752688080578,0.5988489346591709,1.3502807598644937,0.44999999999999984
0.45,6.021385919380437,0.6119779071788369,1.379765587887592,0.44999999999999984
0.45,6.065019150680295,0.6241339184959794,1.4099174023399015,0.44999999999999984
0.45,6.1086523819801535,0.635279101389187,1.4407206558057315,0.44999999999999973
0.45,6.152285613280012,0.6453728983855654,1.47215744949439,0.45000000000000007
0.45,6.19591884457987,0.6543722334060122,1.5042070317114145,0.45000000000000007
0.45,6.239552075879728,0.6622317579348492,1.5368453110073006,0.45
0.45,6.283185307179586,0.6689041723929207,1.5700443944946543,0.45
0.5,0.0,1.064376006497115,1.5700443944946545,0.49999999999999944
0.5,0.04363323129985824,1.0776104458943234,1.6213793031624195,0.4999999999999999
0.5,0.08726646259971647,1.0889917145303853,1.6739060348237964,0.5000000000000001
0.5,0.1308996938995747,1.0983943155320843,1.7275727405228396,0.5000000000000003
0.5,0.17453292519943295,1.1056905915990407,1.7823143709428506,0.4999999999999999
0.5,0.2181661564992912,1.1107526679797946,1.8380521661519513,0.5000000000000003
0.5,0.2617993877991494,1.113454505107664,1.894693450539853,0.4999999999999997
0.5,0.30543261909900765,1.1136739777941702,1.9521317417098503,0.4999999999999999
0.5,0.3490658503988659,1.111294894460359,2.010247161068339,0.5000000000000004
0.5,0.39269908169872414,1.1062088751362176,2.068907113431028,0.49999999999999967
0.5,0.4363323129985824,1.098317020639737,2.1279671859201703,0.4999999999999997
0.5,0.4799655442984406,1.0875313258193473,2.187272205130832,0.5000000000000002
0.5,0.5235987755982988,1.0737758142181006,2.246657387473378,0.5000000000000002
0.5,0.5672320068981571,1.0569873965888208,2.3059495210438627,0.5000000000000001
0.5,0.6108652381980153,1.0371164779935933,2.3649681274105845,0.5000000000000001
0.5,0.6544984694978736,1.0141273550553933,2.4235265664330106,0.49999999999999967
0.5,0.6981317007977318,0.9879984546805339,2.4814330641931392,0.49999999999999956
0.5,0.74176493209759,0.9587224678710197,2.538491660797244,0.49999999999999983
0.5,0.7853981633974483,0.9263064278694731,2.5945030890464205,0.49999999999999967
0.5,0.8290313946973065,0.8907717724349411,2.649265605295053,0.5000000000000002
0.5,0.8726646259971648,0.8521544175841602,2.7025757995354915,0.5000000000000001
0.5,0.916297857297023,0.81050485674263,2.754229412954917,0.49999999999999983
0.5,0.9599310885968813,0.7658882867486936,2.8040221886214716,0.5000000000000002
0.5,1.0035643198967394,0.7183847518701247,2.851750775698901,0.5
0.5,1.0471975511965976,0.6680892896671332,2.897213700962511,0.49999999999999967
0.5,1.0908307824964558,0.6151120583274577,2.940212414644538,0.5000000000000001
0.5,1.1344640137963142,0.5595784236698346,2.980552411786322,0.49999999999999983
0.5,1.1780972450961724,0.5016289846668037,3.0180444259587498,0.5000000000000001
0.5,1.2217304763960306,0.44141951820032366,3.0525056896344704,0.4999999999999997
0.5,1.2653637076958888,0.37912082596062446,3.083761254428747,0.49999999999999983
0.5,1.3089969389957472,0.3149184682252426,3.1116453642893926,0.5000000000000002
0.5,1.3526301702956054,0.24901237030405535,3.136002874719727,0.4999999999999999
0.5,1.3962634015954636,0.18161628766017465,3.15669071043782,0.4999999999999999
0.5,1.4398966328953218,0.11295711542220577,3.173579351849765,0.4999999999999999
0.5,1.48352986419518,0.04327402776461495,3.1865543370085354,0.5000000000000002
0.5,1.5271630954950384,-0.027182566852446896,3.195517760439987,0.5
0.5,1.5707963267948966,-0.09815226668229292,3.2003897438911006,0.5000000000000002
0.5,1.6144295580947547,-0.1693661223107975,3.2011098476097533,0.4999999999999997
0.5,1.658062789394613,-0.24054828970226694,3.1976383853181676,0.49999999999999983
0.5,1.7016960206944713,-0.3114178864144974,3.1899576026784238,0.49999999999999983
0.5,1.7453292519943295,-0.3816910389079404,3.178072678574696,0.5000000000000002
0.5,1.7889624832941877,-0.4510831012687574,3.162012511268367,0.4999999999999999
0.5,1.832595714594046,-0.5193110192494904,3.141830257127765,0.5000000000000002
0.5,1.876228945893904,-0.58609580904659,3.1176035973039538,0.49999999999999983
0.5,1.9198621771937625,-0.6511651179725625,3.089434716082887,0.5000000000000004
0.5,1.9634954084936207,-0.7142558338534711,3.057449982185756,0.5000000000000002
0.5,2.007128639793479,-0.7751167107261587,3.021799329685631,0.49999999999999967
0.5,2.050761871093337,-0.8335109789385958,2.9826553376515452,0.4999999999999999
0.5,2.0943951023931953,-0.8892189066566302,2.9402120071030042,0.4999999999999999
0.5,2.1380283336930535,-0.9420402758794437,2.894683231233815,0.5000000000000002
0.5,2.1816615649929116,-0.9917967288162972,2.8463009518274625,0.4999999999999999
0.5,2.2252947962927703,-1.038333930249934,2.7953129935360588,0.49999999999999967
0.5,2.2689280275926285,-1.0815234797212914,2.741980570487607,0.5000000000000001
0.5,2.3125612588924866,-1.1212644963712413,2.6865754683021406,0.5000000000000002
0.5,2.356194490192345,-1.1574847920131188,2.6293769198254804,0.5000000000000002
0.5,2.399827721492203,-1.190141547469833,2.5706682141731427,0.49999999999999956
0.5,2.443460952792061,-1.2192214157583794,2.5107331040086263,0.4999999999999999
0.5,2.4870941840919194,-1.2447399944756619,2.449852102115981,0.5000000000000002
0.5,2.5307274153917776,-1.2667406382123734,2.3882987813042265,0.4999999999999997
0.5,2.574360646691636,-1.2852926177227613,2.3263362075471052,0.49999999999999956
0.5,2.6179938779914944,-1.3004886721571312,2.2642136418520393,0.5000000000000001
0.5,2.6616271092913526,-1.3124420392974059,2.2021636399400544,0.49999999999999967
0.5,2.705260340591211,-1.321283081732401,2.140399660477885,0.49999999999999967
0.5,2.748893571891069,-1.327155650331751,2.0791142642046845,0.4999999999999999
0.5,2.792526803190927,-1.3302133376998877,2.018477951143197,0.49999999999999983
0.5,2.8361600344907854,-1.3306157727535073,1.9586386452964544,0.5000000000000002
0.5,2.8797932657906435,-1.3285250941746862,1.8997218000104388,0.5000000000000001
0.5,2.9234264970905017,-1.3241027176974125,1.8418310661494117,0.4999999999999999
0.5,2.96705972839036,-1.3175064833389882,1.7850494419318654,0.49999999999999983
0.5,3.0106929596902186,-1.3088882374202484,1.7294408089612066,0.4999999999999999
0.5,3.0543261909900767,-1.2983918738700244,1.675051753638389,0.49999999999999944
0.5,3.097959422289935,-1.2861518325177599,1.621913575713934,0.5000000000000002
0.5,3.141592653589793,-1.272292030564989,1.5700443944946547,0.4999999999999997
0.5,3.1852258848896513,-1.2569251879771612,1.5194512761340697,0.4999999999999997
0.5,3.2288591161895095,-1.2401524981281289,1.4701323204991628,0.5000000000000004
0.5,3.2724923474893677,-1.2220635910434319,1.422078661575753,0.4999999999999997
0.5,3.316125578789226,-1.2027367370476354,1.3752763498976752,0.5000000000000003
0.5,3.359758810089084,-1.182239242404667,1.3297080981362783,0.5000000000000002
0.5,3.4033920413889427,-1.1606279945475388,1.2853548812354925,0.49999999999999967
0.5,3.447025272688801,-1.1379501217462225,1.2421973901140329,0.4999999999999997
0.5,3.490658503988659,-1.114243739758189,1.20021734300333,0.5000000000000006
0.5,3.5342917352885173,-1.0895387655223008,1.1593986611215448,0.5
0.5,3.5779249665883754,-1.0638577848308344,1.1197285158594488,0.49999999999999967
0.5,3.6215581978882336,-1.037216966805251,1.0811982532743865,0.49999999999999944
0.5,3.665191429188092,-1.0096270226491324,1.0438041987776516,0.5000000000000002
0.5,3.70882466048795,-0.9810942093398768,1.0075483408079133,0.5000000000000007
0.5,3.752457891787808,-0.9516213804547159,0.972438887402044,0.49999999999999944
0.5,3.796091123087667,-0.9212090860248484,0.9384906843729881,0.4999999999999994
0.5,3.839724354387525,-0.8898567210241626,0.9057254788549821,0.4999999999999994
0.5,3.883357585687383,-0.8575637177484745,0.8741720079769054,0.5000000000000006
0.5,3.9269908169872414,-0.8243307709878647,0.8438658901890831,0.5000000000000006
0.5,3.9706240482870996,-0.7901610768213798,0.814849297175038,0.49999999999999944
0.5,4.014257279586958,-0.7550615566563921,0.7871703881595107,0.49999999999999944
0.5,4.057890510886816,-0.7190440287431413,0.7608824963888728,0.5000000000000007
0.5,4.101523742186674,-0.6821262811217197,0.7360430697837972,0.4999999999999997
0.5,4.145156973486532,-0.6443329943594547,0.7127123837602791,0.4999999999999994
0.5,4.1887902047863905,-0.6056964610959176,0.690952062683642,0.5000000000000002
0.5,4.232423436086249,-0.5662570536173532,0.6708234652427593,0.5000000000000002
0.5,4.276056667386107,-0.5260634010448932,0.6523860054909639,0.4999999999999992
0.5,4.319689898685965,-0.48517225386541485,0.635695492527702,0.4999999999999999
0.5,4.363323129985823,-0.44364803395696795,0.6208025753903378,0.5000000000000004
0.5,4.406956361285682,-0.40156209047066527,0.6077513743815144,0.5000000000000007
0.5,4.4505895925855405,-0.3589917028768749,0.5965783659988543,0.4999999999999999
0.5,4.494222823885399,-0.31601888918825993,0.5873115676928581,0.49999999999999956
0.5,4.537856055185257,-0.27272908759007947,0.5799700439536682,0.5000000000000006
0.5,4.581489286485115,-0.22920978241080572,0.5745637303962634,0.49999999999999944
0.5,4.625122517784973,-0.18554914090585123,0.5710935510215304,0.5000000000000002
0.5,4.6687557490848315,-0.1418347172468707,0.5695517881826346,0.5000000000000006
0.5,4.71238898038469,-0.0981522666822932,0.5699226561434112,0.5000000000000001
0.5,4.756022211684548,-0.05458469849709557,0.5721830272655966,0.4999999999999997
0.5,4.799655442984406,-0.011211183240870323,0.5763032635004517,0.4999999999999997
0.5,4.843288674284264,0.031893580875609034,0.5822481130638896,0.5000000000000002
0.5,4.886921905584122,0.0746599448728606,0.5899776408939802,0.5000000000000001
0.5,4.930555136883981,0.11702373587893658,0.5994481699577056,0.5000000000000004
0.5,4.974188368183839,0.1589265423995291,0.6106132174519932,0.49999999999999983
0.5,5.017821599483697,0.2003158664415213,0.623424414808112,0.49999999999999967
0.5,5.061454830783555,0.24114515021192087,0.6378324030985187,0.4999999999999999
0.5,5.105088062083413,0.2813736843151112,0.6537876963241728,0.49999999999999983
0.5,5.148721293383272,0.3209664039836422,0.6712415047367882,0.49999999999999983
0.5,5.192354524683131,0.3598935800966442,0.6901465094989434,0.5
0.5,5.235987755982989,0.3981304125192251,0.7104575792012192,0.5
0.5,5.279620987282847,0.43565653442337515,0.7321324184607081,0.5000000000000003
0.5,5.323254218582705,0.4724554374371043,0.7551321392248429,0.4999999999999997
0.5,5.366887449882563,0.5085138284330072,0.779421746497899,0.5
0.5,5.410520681182422,0.5438209293001017,0.8049705318334486,0.4999999999999999
0.5,5.45415391248228,0.5783677310402923,0.8317523698366327,0.5000000000000007
0.5,5.497787143782138,0.6121462130028514,0.8597459148095097,0.4999999999999992
0.5,5.541420375081996,0.6451485371265808,0.8889346962923742,0.5000000000000004
0.5,5.585053606381854,0.6773662258802345,0.919307113414277,0.49999999999999944
0.5,5.6286868376817125,0.7087893313990914,0.9508563285639365,0.5000000000000004
0.5,5.672320068981571,0.739405602338385,0.9835800609195144,0.5000000000000004
0.5,5.715953300281429,0.7691996544211023,1.0174802799054337,0.5000000000000004
0.5,5.759586531581287,0.7981521507316933,1.0525627978248382,0.5000000000000007
0.5,5.803219762881145,0.8262389986415046,1.0888367599492477,0.5
0.5,5.8468529941810035,0.8534305719330102,1.1263140294794658,0.5000000000000002
0.5,5.890486225480862,0.8796909692414837,1.1650084643002314,0.5000000000000004
0.5,5.93411945678072,0.9049773232989192,1.2049350826298322,0.4999999999999993
0.5,5.977752688080578,0.9292391794917302,1.2461091158113566,0.49999999999999944
0.5,6.021385919380437,0.9524179666589266,1.2885449488786986,0.5000000000000004
0.5,6.065019150680295,0.9744465874487095,1.332254953376878,0.4999999999999999
0.5,6.1086523819801535,0.9952491593551148,1.3772482223391482,0.49999999999999983
0.5,6.152285613280012,1.0147409400650833,1.4235292242783162,0.5
0.5,6.19591884457987,1.0328284711495859,1.4710964012681798,0.49999999999999956
0.5,6.239552075879728,1.0494099715973264,1.5199407451251634,0.5000000000000002
0.5,6.283185307179586,1.064376006497115,1.5700443944946543,0.49999999999999967
0.6,0.0,1.601436974292783,1.5700443944946545,0.6000000000000005
0.6,0.04363323129985824,1.6305823260421273,1.6455225768515653,0.6000000000000006
0.6,0.08726646259971647,1.6573975508161003,1.7236351017807687,0.6000000000000005
0.6,0.1308996938995747,1.6815889462500349,1.8043517702364167,0.6000000000000003
0.6,0.17453292519943295,1.702848425744051,1.8876094088440465,0.5999999999999994
0.6,0.2181661564992912,1.7208599856359228,1.9733097021157155,0.6000000000000003
0.6,0.2617993877991494,1.7353069244070434,2.0613183041024614,0.5999999999999996
0.6,0.30543261909900765,1.7458793048197963,2.151465315643872,0.5999999999999996
0.6,0.3490658503988659,1.75228108947522,2.2435470566292994,0.5999999999999999
0.6,0.39269908169872414,1.7542364084599382,2.337328906524896,0.5999999999999991
0.6,0.4363323129985824,1.7514945354810354,2.432548863225318,0.6000000000000003
0.6,0.4799655442984406,1.7438333351154114,2.5289214063812686,0.599999999999999
0.6,0.5235987755982988,1.7310611609015178,2.626141259315445,0.5999999999999991
0.6,0.5672320068981571,1.7130173885317188,2.7238867191084624,0.5999999999999992
0.6,0.6108652381980153,1.6895719229173294,2.8218223482921543,0.6000000000000009
0.6,0.6544984694978736,1.6606240996131045,2.9196009661726823,0.6000000000000006
0.6,0.6981317007977318,1.6261014051082188,3.0168650145501434,0.6000000000000006
0.6,0.74176493209759,1.5859583777030055,3.113247478439474,0.6000000000000005
0.6,0.7853981633974483,1.540175942272287,3.2083726034492344,0.5999999999999996
0.6,0.8290313946973065,1.4887613032000022,3.3018566637693887,0.5999999999999995
0.6,0.8726646259971648,1.4317483936621023,3.393309002772342,0.6000000000000006
0.6,0.916297857297023,1.369198774796089,3.4823335026142503,0.5999999999999995
0.6,0.9599310885968813,1.3012028072472133,3.5685305540515433,0.5999999999999994
0.6,1.0035643198967394,1.2278808856146048,3.651499508434735,0.5999999999999991
0.6,1.0471975511965976,1.1493845327678136,3.7308415154541037,0.6000000000000008
0.6,1.0908307824964558,1.0658971898153342,3.8061625953370952,0.5999999999999993
0.6,1.1344640137963142,0.9776345983301541,3.8770767715071295,0.6000000000000008
0.6,1.1780972450961724,0.8848447411091289,3.943209102476876,0.6000000000000006
0.6,1.2217304763960306,0.787807372255263,4.00419849702376,0.6000000000000002
0.6,1.2653637076958888,0.6868332141404107,4.059700265402528,0.6000000000000004
0.6,1.3089969389957472,0.5822629189341775,4.109388437456731,0.5999999999999999
0.6,1.3526301702956054,0.47446588247282995,4.152957949239895,0.6000000000000005
0.6,1.3962634015954636,0.3638389613377708,4.1901268467877015,0.6000000000000005
0.6,1.4398966328953218,0.2508050893258307,4.220638666559052,0.6
0.6,1.48352986419518,0.13581173069262728,4.244265121453106,0.5999999999999998
0.6,1.5271630954950384,0.01932905981252568,4.26080915285068,0.6
0.6,1.5707963267948966,-0.09815226668229285,4.27010831517649,0.6000000000000003
0.6,1.6144295580947547,-0.21612387088745771,4.272038358582074,0.6000000000000002
0.6,1.658062789394613,-0.33406303263631987,4.266516788133676,0.5999999999999998
0.6,1.7016960206944713,-0.4514367053669823,4.253506122595679,0.5999999999999994
0.6,1.7453292519943295,-0.5677061091720806,4.233016564738625,0.5999999999999995
0.6,1.7889624832941877,-0.6823317665122132,4.205107832042524,0.5999999999999996
0.6,1.832595714594046,-0.7947787908902629,4.16988997673891,0.6000000000000004
0.6,1.876228945893904,-0.9045222158623549,4.127523134096028,0.6000000000000005
0.6,1.9198621771937625,-1.0110521674814053,4.0782162581625805,0.5999999999999998
0.6,1.9634954084936207,-1.1138787359394031,4.022225012236508,0.6000000000000004
0.6,2.007128639793479,-1.2125364816687696,3.9598490556397663,0.5999999999999998
0.6,2.050761871093337,-1.306588600402717,3.891428993154153,0.5999999999999992
0.6,2.0943951023931953,-1.3956308499420564,3.8173432224330517,0.6000000000000002
0.6,2.1380283336930535,-1.4792953887392037,3.7380048331224107,0.6000000000000003
0.6,2.1816615649929116,-1.5572546784192505,3.653858595449404,0.6000000000000001
0.6,2.2252947962927703,-1.62922555340702,3.565377949433697,0.6000000000000008
0.6,2.2689280275926285,-1.6949734657539985,3.4730617952189533,0.5999999999999995
0.6,2.3125612588924866,-1.7543167870426648,3.3774308147332412,0.5999999999999996
0.6,2.356194490192345,-1.8071309150879944,3.279023042900356,0.5999999999999999
0.6,2.399827721492203,-1.8533518188441773,3.1783884607620103,0.5999999999999998
0.6,2.443460952792061,-1.8929785873144631,3.076082498164384,0.6
0.6,2.4870941840919194,-1.9260745465779496,2.972658491786624,0.5999999999999994
0.6,2.5307274153917776,-1.9527665791618614,2.868659316564467,0.5999999999999998
0.6,2.574360646691636,-1.9732424124378647,2.764608562688718,0.6000000000000008
0.6,2.6179938779914944,-1.9877458157354748,2.661001738699489,0.6000000000000006
0.6,2.6616271092913526,-1.9965698319810652,2.5582980271778633,0.6000000000000003
0.6,2.705260340591211,-2.0000483426527302,2.4569130997346105,0.5999999999999995
0.6,2.748893571891069,-1.9985464041049978,2.3572134200694586,0.5999999999999992
0.6,2.792526803190927,-1.9924498852536285,2.259512342495973,0.6
0.6,2.8361600344907854,-1.9821549741628273,2.1640681664079935,0.6000000000000004
0.6,2.8797932657906435,-1.9680581032253395,2.0710841533186075,0.5999999999999999
0.6,2.9234264970905017,-1.9505467743570972,1.9807103699552555,0.6000000000000002
0.6,2.96705972839036,-1.9299916577913196,1.8930471034717429,0.5999999999999994
0.6,3.0106929596902186,-1.9067402062166836,1.808149513840799,0.5999999999999999
0.6,3.0543261909900767,-1.8811118880049338,1.72603314888486,0.6
0.6,3.097959422289935,-1.853395016062032,1.6466799479659031,0.6000000000000003
0.6,3.141592653589793,-1.823845045537679,1.5700443944946547,0.5999999999999998
0.6,3.1852258848896513,-1.7926841417589352,1.4960595350402797,0.6000000000000002
0.6,3.2288591161895095,-1.760101780938315,1.4246426526448368,0.5999999999999995
0.6,3.2724923474893677,-1.7262561371988365,1.355700453609446,0.5999999999999995
0.6,3.316125578789226,-1.6912760239061826,1.289133692488441,0.6000000000000005
0.6,3.359758810089084,-1.6552631876364596,1.2248412141760836,0.599999999999999
0.6,3.4033920413889427,-1.6182947920916066,1.1627234324310214,0.6000000000000001
0.6,3.447025272688801,-1.5804259709402653,1.1026852907549514,0.6000000000000003
0.6,3.490658503988659,-1.5416923686102546,1.0446387654232767,0.6000000000000004
0.6,3.5342917352885173,-1.5021126237856033,0.9885049735482898,0.5999999999999998
0.6,3.5779249665883754,-1.4616907803295696,0.9342159433916457,0.5999999999999995
0.6,3.6215581978882336,-1.4204186339477536,0.8817160916435018,0.5999999999999996
0.6,3.665191429188092,-1.3782780398938204,0.8309634347344018,0.6000000000000003
0.6,3.70882466048795,-1.3352432172079445,0.7819305400006886,0.6000000000000008
0.6,3.752457891787808,-1.2912830879768022,0.7346051993538976,0.5999999999999998
0.6,3.796091123087667,-1.2463636852726532,0.688990785104664,0.6000000000000005
0.6,3.839724354387525,-1.2004506500198073,0.6451062275888343,0.5999999999999991
0.6,3.883357585687383,-1.1535118145744934,0.6029855409640975,0.5999999999999996
0.6,3.9269908169872414,-1.1055198396995984,0.5626768214773494,0.6000000000000004
0.6,3.9706240482870996,-1.0564548339274007,0.5242406562635618,0.6000000000000006
0.6,4.014257279586958,-1.0063068444197276,0.48774791384518945,0.599999999999999
0.6,4.057890510886816,-0.9550780733200968,0.45327694064185264,0.5999999999999991
0.6,4.101523742186674,-0.9027846521460408,0.4209102570344514,0.600000000000001
0.6,4.145156973486532,-0.8494578080183692,0.3907309222509683,0.599999999999999
0.6,4.1887902047863905,-0.7951442857862546,0.36281880493657703,0.6000000000000008
0.6,4.232423436086249,-0.7399059499430085,0.337247039032907,0.5999999999999992
0.6,4.276056667386107,-0.6838185725124228,0.3140789485326754,0.6000000000000005
0.6,4.319689898685965,-0.62696990350794,0.2933656836480898,0.5999999999999996
0.6,4.363323129985823,-0.5694572009958517,0.27514472979061066,0.5999999999999996
0.6,4.406956361285682,-0.5113844515412463,0.2594393448268033,0.599999999999999
0.6,4.4505895925855405,-0.4528595287282038,0.2462588707256672,0.6000000000000005
0.6,4.494222823885399,-0.39399151666338084,0.23559977388795628,0.6000000000000005
0.6,4.537856055185257,-0.33488837474389843,0.2274472087978181,0.5999999999999999
0.6,4.581489286485115,-0.27565505270676055,0.22177687752913333,0.6000000000000012
0.6,4.625122517784973,-0.21639209525525693,0.21855696963614268,0.6000000000000005
0.6,4.6687557490848315,-0.15719471486931405,0.21775000381373188,0.5999999999999996
0.6,4.71238898038469,-0.09815226668229327,0.21931444315757131,0.5999999999999994
0.6,4.756022211684548,-0.03934803285635093,0.22320600969014248,0.5999999999999998
0.6,4.799655442984406,0.019140785473264005,0.2293786736061192,0.5999999999999993
0.6,4.843288674284264,0.07724296605645972,0.23778533406688496,0.6000000000000011
0.6,4.886921905584122,0.1348931359344382,0.24837823948889448,0.6000000000000011
0.6,4.930555136883981,0.192031676159673,0.2611092158912114,0.6000000000000002
0.6,4.974188368183839,0.24860469849453912,0.2759297825763225,0.6000000000000004
0.6,5.017821599483697,0.3045641072494555,0.29279123610615865,0.5999999999999994
0.6,5.061454830783555,0.3598677368143358,0.3116447772291373,0.5999999999999999
0.6,5.105088062083413,0.4144795366696513,0.33244174233861057,0.6000000000000012
0.6,5.148721293383272,0.4683697622748101,0.35513398277502817,0.5999999999999999
0.6,5.192354524683131,0.5215151232072766,0.37967441384991885,0.6000000000000001
0.6,5.235987755982989,0.5738988395158273,0.40601773327664303,0.6000000000000003
0.6,5.279620987282847,0.6255105628567621,0.4341212882711667,0.6000000000000008
0.6,5.323254218582705,0.6763461291946025,0.46394605419810087,0.5999999999999994
0.6,5.366887449882563,0.7264071226753448,0.49545767686932995,0.5999999999999991
0.6,5.410520681182422,0.7757002435044604,0.5286275260821223,0.6000000000000008
0.6,5.45415391248228,0.8242364842558891,0.5634337093051491,0.6
0.6,5.497787143782138,0.872030127506559,0.599862000305802,0.5999999999999993
0.6,5.541420375081996,0.9190975822678308,0.6379066461371404,0.6000000000000001
0.6,5.585053606381854,0.965456077358562,0.6775710252928949,0.599999999999999
0.6,5.6286868376817125,1.0111222272534404,0.7188681382210621,0.6000000000000011
0.6,5.672320068981571,1.056110481096044,0.7618209174256093,0.5999999999999992
0.6,5.715953300281429,1.1004314597634972,0.8064623472882172,0.6000000000000008
0.6,5.759586531581287,1.144090180441365,0.8528353832490303,0.6
0.6,5.803219762881145,1.1870841644149683,0.9009926562966994,0.5999999999999996
0.6,5.8468529941810035,1.2294014229411556,0.9509959424113154,0.5999999999999999
0.6,5.890486225480862,1.2710183193159899,1.0029153685718466,0.6000000000000006
0.6,5.93411945678072,1.3118973137308236,1.056828318384731,0.599999999999999
0.6,5.977752688080578,1.3519846122538395,1.1128179928573416,0.5999999999999998
0.6,6.021385919380437,1.3912077630934427,1.1709715772770535,0.6000000000000006
0.6,6.065019150680295,1.4294732724836996,1.2313779659445105,0.5999999999999991
0.6,6.1086523819801535,1.4666643483981157,1.294125005395086,0.6000000000000002
0.6,6.152285613280012,1.5026389205961703,1.359296236573552,0.6000000000000004
0.6,6.19591884457987,1.5372281257738243,1.4269671496021674,0.6000000000000005
0.6,6.239552075879728,1.5702354796848503,1.4972010123512571,0.5999999999999998
0.6,6.283185307179586,1.601436974292783,1.570044394494654,0.6000000000000006
0.8,0.0,2.3552061483130213,1.5700443944946545,0.8000000000000016
0.8,0.04363323129985824,2.4161478487963404,1.6798211082914323,0.7999999999999997
0.8,0.08726646259971647,2.47508369685705,1.7951733698815548,0.8000000000000016
0.8,0.1308996938995747,2.5313454295405924,1.9162243336027007,0.7999999999999989
0.8,0.17453292519943295,2.5841843468224974,2.043012710797723,0.8000000000000009
0.8,0.2181661564992912,2.632793654462987,2.17548052917907,0.8000000000000016
0.8,0.2617993877991494,2.6763379813693993,2.3134668158681304,0.8000000000000007
0.8,0.30543261909900765,2.7139868549606567,2.456708453707885,0.7999999999999992
0.8,0.3490658503988659,2.7449477871583885,2.6048481871332996,0.7999999999999996
0.8,0.39269908169872414,2.7684945118383824,2.75744836869106,0.7999999999999997
0.8,0.4363323129985824,2.783986881657992,2.914007951234055,0.799999999999999
0.8,0.4799655442984406,2.7908806440728293,3.073979735793375,0.7999999999999993
0.8,0.5235987755982988,2.78872725550987,3.2367850637503173,0.8000000000000005
0.8,0.5672320068981571,2.777165598582415,3.4018238968232866,0.7999999999999992
0.8,0.6108652381980153,2.755908639496695,3.568479355510817,0.7999999999999989
0.8,0.6544984694978736,2.724728544085164,3.736117024444453,0.799999999999999
0.8,0.6981317007977318,2.683443531662894,3.9040804029703726,0.7999999999999992
0.8,0.74176493209759,2.631908909540527,4.071684557242298,0.8000000000000004
0.8,0.7853981633974483,2.570013562734158,4.238210223911105,0.7999999999999996
0.8,0.8290313946973065,2.497681980100546,4.402900375375515,0.7999999999999997
0.8,0.8726646259971648,2.414880905673263,4.564960705957812,0.7999999999999995
0.8,0.916297857297023,2.321629015269074,4.723564757859895,0.8000000000000002
0.8,0.9599310885968813,2.2180076608113914,4.877863578240721,0.7999999999999992
0.8,1.0035643198967394,2.10417070348408,5.026998996919363,0.7999999999999983
0.8,1.0471975511965976,1.9803517567760367,5.170118966860814,0.7999999999999986
0.8,1.0908307824964558,1.84686772253495,5.306393030382626,0.7999999999999999
0.8,1.1344640137963142,1.7041182200708518,5.4350259259669045,0.7999999999999986
0.8,1.1780972450961724,1.5525812473710336,5.555267631985993,0.8000000000000007
0.8,1.2217304763960306,1.392806049851872,5.666418702520348,0.7999999999999986
0.8,1.2653637076958888,1.2254046173588107,5.767830528551466,0.7999999999999993
0.8,1.3089969389957472,1.051043429921536,5.858901122059654,0.7999999999999988
0.8,1.3526301702956054,0.8704369702808871,5.9390681022200145,0.7999999999999992
0.8,1.3962634015954636,0.6843440491925873,6.007801524633699,0.8000000000000002
0.8,1.4398966328953218,0.4935671530117992,6.0645996102153905,0.8000000000000005
0.8,1.48352986419518,0.2989540114983974,6.108989923854832,0.8000000000000002
0.8,1.5271630954950384,0.10139975658832004,6.140537150199862,0.8000000000000004
0.8,1.5707963267948966,-0.09815226668229274,6.158856850526728,0.8000000000000013
0.8,1.6144295580947547,-0.29871268465493717,6.163633186035474,0.8000000000000002
0.8,1.658062789394613,-0.49925223153002685,6.154637971339996,0.7999999999999988
0.8,1.7016960206944713,-0.6987120005578324,6.131748463016905,0.7999999999999986
0.8,1.7453292519943295,-0.8960172595782709,6.094961623215028,0.7999999999999986
0.8,1.7889624832941877,-1.090093695236212,6.044403031407507,0.7999999999999999
0.8,1.832595714594046,-1.2798845239362384,5.980329219509436,0.8000000000000005
0.8,1.876228945893904,-1.464366718324526,5.9031230482366706,0.8
0.8,1.9198621771937625,-1.6425647095076696,5.813282707482131,0.7999999999999994
0.8,1.9634954084936207,-1.813560342086319,5.711405835139384,0.8000000000000005
0.8,2.007128639793479,-1.9764985653606757,5.598171031123963,0.8000000000000014
0.8,2.050761871093337,-2.1305892911656623,5.474319592721667,0.7999999999999993
0.8,2.0943951023931953,-2.275106837488985,5.340640316901146,0.7999999999999987
0.8,2.1380283336930535,-2.409389040654169,5.197959423901867,0.7999999999999985
0.8,2.1816615649929116,-2.5328381658855346,5.047136208484899,0.7999999999999989
0.8,2.2252947962927703,-2.6449252270158943,4.889063535267313,0.800000000000001
0.8,2.2689280275926285,-2.7451985561756382,4.724671319761521,0.8000000000000009
0.8,2.3125612588924866,-2.8332966578807666,4.554930720261487,0.7999999999999987
0.8,2.356194490192345,-2.908964479257132,4.380856607069494,0.8000000000000002
0.8,2.399827721492203,-2.9720711687136614,4.2035058760239234,0.7999999999999999
0.8,2.443460952792061,-3.022626466952619,4.023969617328957,0.7999999999999996
0.8,2.4870941840919194,-3.0607926157251413,3.84335828999064,0.8000000000000005
0.8,2.5307274153917776,-3.086889372728683,3.6627806458754106,0.7999999999999996
0.8,2.574360646691636,-3.101391092200854,3.4833185363349553,0.7999999999999998
0.8,2.6179938779914944,-3.1049161907393064,3.306000355438626,0.799999999999999
0.8,2.6616271092913526,-3.098210122472622,3.131775663968022,0.8000000000000007
0.8,2.705260340591211,-3.0821231718571447,2.9614928792893913,0.7999999999999989
0.8,2.748893571891069,-3.0575842588961866,2.7958812625904774,0.8000000000000007
0.8,2.792526803190927,-3.0255719016718814,2.6355380048372963,0.7999999999999987
0.8,2.8361600344907854,-2.98708363832187,2.4809209571271147,0.7999999999999998
0.8,2.8797932657906435,-2.9431054929833396,2.3323473139863378,0.7999999999999998
0.8,2.9234264970905017,-2.8945833014502935,2.1899982293517946,0.8000000000000016
0.8,2.96705972839036,-2.8423977359358004,2.053928912411011,0.8000000000000018
0.8,3.0106929596902186,-2.7873446001288715,1.9240832816857736,0.8000000000000018
0.8,3.0543261909900767,-2.7301214134028484,1.8003118575827026,0.7999999999999985
0.8,3.097959422289935,-2.6713205682291847,1.6823913488024864,0.7999999999999983
0.8,3.141592653589793,-2.611428593612084,1.5700443944946547,0.7999999999999986
0.8,3.1852258848896513,-2.5508304588462765,1.4629581519736305,0.8000000000000009
0.8,3.2288591161895095,-2.4898175153836126,1.36080079828438,0.8000000000000009
0.8,3.2724923474893677,-2.4285976193294987,1.263235443327711,0.8000000000000014
0.8,3.316125578789226,-2.3673061454349047,1.1699313422913051,0.799999999999998
0.8,3.359758810089084,-2.3060169004958766,1.080572589340075,0.8000000000000014
0.8,3.4033920413889427,-2.2447522779204863,0.9948646550107416,0.7999999999999993
0.8,3.447025272688801,-2.1834923010695766,0.9125392072514863,0.7999999999999999
0.8,3.490658503988659,-2.1221824485039757,0.8333576550551526,0.7999999999999992
0.8,3.5342917352885173,-2.0607403329189684,0.7571138001078376,0.8000000000000018
0.8,3.5779249665883754,-1.999061425648283,0.6836358962118362,0.8000000000000023
0.8,3.6215581978882336,-1.93702409363115,0.6127883111971874,0.7999999999999996
0.8,3.665191429188092,-1.8744942574082724,0.5444728679761752,0.8000000000000023
0.8,3.70882466048795,-1.8113299930969156,0.4786298135181035,0.8
0.8,3.752457891787808,-1.7473863868710342,0.41523823126584025,0.8000000000000002
0.8,3.796091123087667,-1.682520898179895,0.3543155846392523,0.800000000000001
0.8,3.839724354387525,-1.616599383726666,0.2959159786205172,0.799999999999999
0.8,3.883357585687383,-1.549502765345157,0.24012668814413973,0.8000000000000007
0.8,3.9269908169872414,-1.4811340907407724,0.18706257043617547,0.8000000000000005
0.8,3.9706240482870996,-1.411425461708942,0.13685819253567,0.7999999999999988
0.8,4.014257279586958,-1.3403440506022255,0.08965787331706498,0.7999999999999984
0.8,4.057890510886816,-1.2678962839449737,0.045604311468728564,0.8000000000000004
0.8,4.101523742186674,-1.1941293356892009,0.00482692795737516,0.8000000000000014
0.8,4.145156973486532,-1.1191293884449434,-0.032568668103104104,0.8000000000000004
0.8,4.1887902047863905,-1.043016644819649,-0.066508714701216,0.7999999999999994
0.8,4.232423436086249,-0.9659376624641112,-0.09695584084881537,0.7999999999999992
0.8,4.276056667386107,-0.8880560607689729,-0.1239097584609854,0.7999999999999992
0.8,4.319689898685965,-0.809542859674099,-0.14740442325079894,0.7999999999999998
0.8,4.363323129985823,-0.7305676221387994,-0.16750251433846164,0.8
0.8,4.406956361285682,-0.6512912526064356,-0.18428833824681523,0.8000000000000014
0.8,4.4505895925855405,-0.5718608864477189,-0.1978602424532423,0.7999999999999995
0.8,4.494222823885399,-0.4924069170363239,-0.20832340946558436,0.8000000000000005
0.8,4.537856055185257,-0.4130419261420667,-0.2157836063851717,0.7999999999999985
0.8,4.581489286485115,-0.333861130866998,-0.22034218004209127,0.7999999999999989
0.8,4.625122517784973,-0.25494391678965966,-0.22209236686880107,0.8000000000000018
0.8,4.6687557490848315,-0.17635605529147425,-0.22111684480910143,0.7999999999999979
0.8,4.71238898038469,-0.09815226668229335,-0.21748638247753904,0.8000000000000002
0.8,4.756022211684548,-0.020378862589301203,-0.21125941875463905,0.7999999999999995
0.8,4.799655442984406,0.05692373479358043,-0.20248241327768013,0.7999999999999989
0.8,4.843288674284264,0.13371874915758045,-0.19119082769282736,0.8000000000000007
0.8,4.886921905584122,0.20997119937277706,-0.17741061674106295,0.8000000000000002
0.8,4.930555136883981,0.2856465339999258,-0.16116011943793263,0.8000000000000018
0.8,4.974188368183839,0.36070982351904834,-0.14245223980400779,0.8000000000000004
0.8,5.017821599483697,0.4351255614033045,-0.12129679327717247,0.7999999999999996
0.8,5.061454830783555,0.5088580965790399,-0.0977028719408084,0.7999999999999984
0.8,5.105088062083413,0.5818726803051385,-0.07168105527445068,0.7999999999999984
0.8,5.148721293383272,0.6541370598289431,-0.0432452724341692,0.7999999999999992
0.8,5.192354524683131,0.7256234936308524,-0.012414117698980265,0.8000000000000016
0.8,5.235987755982989,0.7963110075690559,0.02078855798690382,0.8000000000000004
0.8,5.279620987282847,0.8661876697260081,0.05633390487614642,0.8000000000000009
0.8,5.323254218582705,0.9352526459064553,0.0941892284235244,0.7999999999999997
0.8,5.366887449882563,1.0035178147543293,0.13431999186641086,0.7999999999999985
0.8,5.410520681182422,1.0710087707287121,0.17669252783891531,0.800000000000001
0.8,5.45415391248228,1.137765115437193,0.22127724876837962,0.8000000000000016
0.8,5.497787143782138,1.2038400175527215,0.2680521102596394,0.7999999999999996
0.8,5.541420375081996,1.2692990917475313,0.31700608581293244,0.8000000000000005
0.8,5.585053606381854,1.3342186943495542,0.3681424493837846,0.8000000000000014
0.8,5.6286868376817125,1.398683751159421,0.42148172142575,0.8000000000000014
0.8,5.672320068981571,1.4627852217132378,0.47706419844597137,0.8000000000000013
0.8,5.715953300281429,1.5266172702464786,0.5349520418513711,0.800000000000001
0.8,5.759586531581287,1.5902741651545076,0.5952309395667972,0.7999999999999984
0.8,5.803219762881145,1.6538468741834296,0.6580113691649905,0.8000000000000016
0.8,5.8468529941810035,1.7174192687418819,0.7234294835981311,0.8000000000000023
0.8,5.890486225480862,1.7810638028526802,0.7916476118638059,0.7999999999999977
0.8,5.93411945678072,1.8448364950319194,0.8628543197169326,0.7999999999999996
0.8,5.977752688080578,1.9087710204997674,0.9372639126731208,0.7999999999999977
0.8,6.021385919380437,1.9728717251766534,1.01511518837057,0.799999999999998
0.8,6.065019150680295,2.0371054149862027,1.0966691631014114,0.7999999999999975
0.8,6.1086523819801535,2.1013918723873943,1.1822054175174965,0.7999999999999997
0.8,6.152285613280012,2.1655932289645476,1.2720166460905302,0.7999999999999982
0.8,6.19591884457987,2.2295025990182507,1.3664009811448996,0.7999999999999994
0.8,6.239552075879728,2.292832762118955,1.4656517336570558,0.8000000000000022
0.8,6.283185307179586,2.3552061483130213,1.5700443944946538,0.8000000000000018
